run_id,role,ledger_charged_usd,mode,task,status,valid_for_comparison,outcome_recorded,strict_recorded,scorer_recorded,outcome_current,strict_current,scorer_current,cause_ok,remedy_ok,value_status,evidence_groups,provider_calls,action_calls,repair_calls,summary_calls,api_retries,executions,edit_attempts,edits_accepted_changed,edits_rejected,summaries_applied,recovery_requests,pressure_steps,input_tokens,output_tokens,peak_request_input_tokens,cost_usd,elapsed_s,prompt_version,fixture_sha256
20261004T031059-smoke,access-failure,0.0,,,,,,,,,,,,,,,,,,,,,,,,,,,,,,,,,
20261004T065324-smoke,smoke,0.00294,,,,,,,,,,,,,,,,,,,,,,,,,,,,,,,,,
20261004T065342-guided-dev-a667,guided,0.087736,guided,dev,completed,True,correct,True,score/1,correct,True,score/2,True,True,exact,"{""cause"": true, ""value"": true}",4,4,0,0,0,3,2,2,0,0,0,0,14759,1435,4362,0.087736,27.8,2026-10-04.1,2ed271881eb743ad0ead46e8044b9edb065c11ad595da901f17c96fd7474cb36
20261004T065458-summary-dev-fac1,calibration,0.155976,summary,dev,completed,True,correct,True,score/1,correct,True,score/2,True,True,exact,"{""cause"": true, ""value"": true}",6,5,0,1,0,4,0,0,0,1,0,1,26544,2490,6046,0.155976,43.8,2026-10-04.1,2ed271881eb743ad0ead46e8044b9edb065c11ad595da901f17c96fd7474cb36
20261004T065603-summary-heldout-1-c374,evaluation,0.056716,summary,heldout-1,completed,True,correct,True,score/1,correct,True,score/2,True,True,exact,"{""cause"": true, ""value"": true}",3,3,0,0,0,2,0,0,0,0,0,0,11119,612,4932,0.056716,17.9,2026-10-04.1,f0f950eb8bce0a6aacb3e7025ecdc58200bd5807465dd7ab68b218c15491dd67
20261004T065621-clm-heldout-1-14ea,evaluation,0.062604,clm,heldout-1,completed,True,correct,True,score/1,correct,True,score/2,True,True,exact,"{""cause"": true, ""value"": true}",3,3,0,0,0,2,0,0,0,0,0,0,12466,637,5555,0.062604,14.2,2026-10-04.1,f0f950eb8bce0a6aacb3e7025ecdc58200bd5807465dd7ab68b218c15491dd67
20261004T065635-clm-heldout-2-d648,evaluation,0.075052,clm,heldout-2,completed,True,correct,True,score/1,correct,True,score/2,True,True,exact,"{""cause"": true, ""value"": true}",3,3,0,0,0,2,0,0,0,0,0,1,14878,777,6530,0.075052,15.5,2026-10-04.1,ec0b93229f36ffa68ba42d13c7ce2c37261ddef1edc61a32a988cb76de54294e
20261004T065650-summary-heldout-2-f005,evaluation,0.054216,summary,heldout-2,completed,True,incorrect,False,score/1,correct,True,score/2,True,True,exact,"{""cause"": true, ""value"": true}",3,3,0,0,0,2,0,0,0,0,0,0,10214,668,4532,0.054216,14.4,2026-10-04.1,ec0b93229f36ffa68ba42d13c7ce2c37261ddef1edc61a32a988cb76de54294e
20261004T065705-summary-heldout-3-ad62,evaluation,0.067512,summary,heldout-3,completed,True,correct,True,score/1,correct,True,score/2,True,True,exact,"{""cause"": true, ""value"": true}",3,3,0,0,0,2,0,0,0,0,0,1,13683,639,7042,0.067512,15.1,2026-10-04.1,c1c648d36b46e328a60236b38ef18376959887a36aa0c467c53127f07d7f9c6b
20261004T065720-clm-heldout-3-6b8e,evaluation,0.068308,clm,heldout-3,completed,True,correct,True,score/1,correct,True,score/2,True,True,exact,"{""cause"": true, ""value"": true}",3,3,0,0,0,2,0,0,0,0,0,1,13987,618,6629,0.068308,19.6,2026-10-04.1,c1c648d36b46e328a60236b38ef18376959887a36aa0c467c53127f07d7f9c6b
20261004T065739-clm-heldout-1-5e39,evaluation,0.06252,clm,heldout-1,completed,True,correct,True,score/1,correct,True,score/2,True,True,exact,"{""cause"": true, ""value"": true}",3,3,0,0,0,2,0,0,0,0,0,0,12445,637,5507,0.06252,13.8,2026-10-04.1,f0f950eb8bce0a6aacb3e7025ecdc58200bd5807465dd7ab68b218c15491dd67
20261004T065753-summary-heldout-1-c23c,evaluation,0.066068,summary,heldout-1,completed,True,correct,True,score/1,correct,True,score/2,True,True,exact,"{""cause"": true, ""value"": true}",3,3,0,0,0,2,0,0,0,0,0,1,13592,585,7405,0.066068,15.3,2026-10-04.1,f0f950eb8bce0a6aacb3e7025ecdc58200bd5807465dd7ab68b218c15491dd67
20261004T065808-summary-heldout-2-a058,evaluation,0.052732,summary,heldout-2,completed,True,correct,True,score/1,correct,True,score/2,True,True,exact,"{""cause"": true, ""value"": true}",3,3,0,0,0,2,0,0,0,0,0,0,9798,677,4116,0.052732,16.3,2026-10-04.1,ec0b93229f36ffa68ba42d13c7ce2c37261ddef1edc61a32a988cb76de54294e
20261004T065825-clm-heldout-2-8578,evaluation,0.079072,clm,heldout-2,completed,True,correct,True,score/1,correct,True,score/2,True,True,exact,"{""cause"": true, ""value"": true}",3,3,0,0,0,2,0,0,0,0,0,1,15333,887,6969,0.079072,16.4,2026-10-04.1,ec0b93229f36ffa68ba42d13c7ce2c37261ddef1edc61a32a988cb76de54294e
20261004T065841-clm-heldout-3-96d3,evaluation,0.098048,clm,heldout-3,completed,True,correct,True,score/1,correct,True,score/2,True,True,exact,"{""cause"": true, ""value"": true}",4,4,0,0,0,3,0,0,0,0,0,1,20477,807,7001,0.098048,20.4,2026-10-04.1,c1c648d36b46e328a60236b38ef18376959887a36aa0c467c53127f07d7f9c6b
20261004T065902-summary-heldout-3-6505,evaluation,0.065548,summary,heldout-3,completed,True,correct,True,score/1,correct,True,score/2,True,True,exact,"{""cause"": true, ""value"": true}",3,3,0,0,0,2,0,0,0,0,0,1,13622,553,6981,0.065548,12.9,2026-10-04.1,c1c648d36b46e328a60236b38ef18376959887a36aa0c467c53127f07d7f9c6b
