run_id,role,ledger_charged_usd,mode,task,status,valid_for_comparison,outcome_recorded,strict_recorded,scorer_recorded,outcome_current,strict_current,scorer_current,completed,checks_total,checks_passed,stale_checks,import_error,evaluation_error,final_stage_passed,final_stage_total,final_stage_stale,replaced_passed,replaced_total,replaced_stale,retained_passed,retained_total,retained_stale,provider_calls,action_calls,repair_calls,summary_calls,api_retries,executions,edit_attempts,edits_accepted_changed,edits_rejected,summaries_applied,recovery_requests,pressure_steps,input_tokens,output_tokens,peak_request_input_tokens,cost_usd,elapsed_s,prompt_version,fixture_sha256,mgmt_stages_total,mgmt_stages_released,mgmt_first_pressure_step,mgmt_first_pressure_stage,mgmt_edit_effective_steps,mgmt_summary_steps,mgmt_spill_steps,mgmt_recovery_steps,mgmt_first_management_step,mgmt_first_management_stage,mgmt_action_steps_after_first_management,mgmt_executions_after_first_management,mgmt_advances_after_first_management,mgmt_premature_finals,mgmt_timeline
20261004T110623-summary-coding-dev-1-3c5d,calibration,0.259456,summary,coding-dev-1,completed,True,correct,True,invoice-checks/1,correct,True,invoice-checks/1,True,24,24,0,,,4,4,0,12,12,0,8,8,0,11,10,0,1,0,6,0,0,0,1,0,1,43634,4246,5426,0.259456,70.6,2026-10-04.1,1d3f7f25e9b2ede7f9f3e38af1187a3dedd74770747f98160ffcfe17974217ac,4,4,7,3,[],[7],[],[],7,3,4,2,1,0,"[{""step"": 1, ""stage"": 1, ""est_request_tokens"": 1147, ""pressure_before_management"": false, ""pressure"": false, ""recovery"": false, ""reported_input_tokens"": 1509, ""action"": ""execute""}, {""step"": 2, ""stage"": 1, ""est_request_tokens"": 2326, ""pressure_before_management"": false, ""pressure"": false, ""recovery"": false, ""reported_input_tokens"": 2719, ""action"": ""execute""}, {""step"": 3, ""stage"": 1, ""est_request_tokens"": 3224, ""pressure_before_management"": false, ""pressure"": false, ""recovery"": false, ""reported_input_tokens"": 3543, ""action"": ""advance""}, {""step"": 4, ""stage"": 2, ""est_request_tokens"": 3704, ""pressure_before_management"": false, ""pressure"": false, ""recovery"": false, ""reported_input_tokens"": 3905, ""action"": ""execute""}, {""step"": 5, ""stage"": 2, ""est_request_tokens"": 4312, ""pressure_before_management"": false, ""pressure"": false, ""recovery"": false, ""reported_input_tokens"": 4476, ""action"": ""advance""}, {""step"": 6, ""stage"": 3, ""est_request_tokens"": 4863, ""pressure_before_management"": false, ""pressure"": false, ""recovery"": false, ""reported_input_tokens"": 4915, ""action"": ""execute""}, {""step"": 7, ""stage"": 3, ""est_request_tokens"": 4028, ""pressure_before_management"": true, ""pressure"": false, ""recovery"": false, ""reported_input_tokens"": 4008, ""action"": ""advance""}, {""step"": 8, ""stage"": 4, ""est_request_tokens"": 4427, ""pressure_before_management"": false, ""pressure"": false, ""recovery"": false, ""reported_input_tokens"": 4431, ""action"": ""execute""}, {""step"": 9, ""stage"": 4, ""est_request_tokens"": 4826, ""pressure_before_management"": false, ""pressure"": false, ""recovery"": false, ""reported_input_tokens"": 4859, ""action"": ""execute""}, {""step"": 10, ""stage"": 4, ""est_request_tokens"": 5367, ""pressure_before_management"": false, ""pressure"": false, ""recovery"": false, ""reported_input_tokens"": 5426, ""action"": ""final""}]"
20261004T110755-clm-coding-dev-1-9116,calibration,0.227876,clm,coding-dev-1,completed,True,correct,True,invoice-checks/1,correct,True,invoice-checks/1,True,24,24,0,,,4,4,0,12,12,0,8,8,0,11,11,0,0,0,7,2,2,0,0,0,0,39199,3554,5129,0.227876,64.4,2026-10-04.1,1d3f7f25e9b2ede7f9f3e38af1187a3dedd74770747f98160ffcfe17974217ac,4,4,,,"[5, 8]",[],[],[],5,2,7,4,2,0,"[{""step"": 1, ""stage"": 1, ""est_request_tokens"": 1428, ""pressure_before_management"": false, ""pressure"": false, ""recovery"": false, ""reported_input_tokens"": 1802, ""action"": ""execute""}, {""step"": 2, ""stage"": 1, ""est_request_tokens"": 2648, ""pressure_before_management"": false, ""pressure"": false, ""recovery"": false, ""reported_input_tokens"": 3079, ""action"": ""execute""}, {""step"": 3, ""stage"": 1, ""est_request_tokens"": 3568, ""pressure_before_management"": false, ""pressure"": false, ""recovery"": false, ""reported_input_tokens"": 3916, ""action"": ""advance""}, {""step"": 4, ""stage"": 2, ""est_request_tokens"": 4055, ""pressure_before_management"": false, ""pressure"": false, ""recovery"": false, ""reported_input_tokens"": 4278, ""action"": ""execute""}, {""step"": 5, ""stage"": 2, ""est_request_tokens"": 2760, ""pressure_before_management"": false, ""pressure"": false, ""recovery"": false, ""reported_input_tokens"": 2842, ""action"": ""advance""}, {""step"": 6, ""stage"": 3, ""est_request_tokens"": 3243, ""pressure_before_management"": false, ""pressure"": false, ""recovery"": false, ""reported_input_tokens"": 3265, ""action"": ""execute""}, {""step"": 7, ""stage"": 3, ""est_request_tokens"": 3982, ""pressure_before_management"": false, ""pressure"": false, ""recovery"": false, ""reported_input_tokens"": 4063, ""action"": ""execute""}, {""step"": 8, ""stage"": 3, ""est_request_tokens"": 3009, ""pressure_before_management"": false, ""pressure"": false, ""recovery"": false, ""reported_input_tokens"": 3036, ""action"": ""advance""}, {""step"": 9, ""stage"": 4, ""est_request_tokens"": 3428, ""pressure_before_management"": false, ""pressure"": false, ""recovery"": false, ""reported_input_tokens"": 3459, ""action"": ""execute""}, {""step"": 10, ""stage"": 4, ""est_request_tokens"": 4179, ""pressure_before_management"": false, ""pressure"": false, ""recovery"": false, ""reported_input_tokens"": 4330, ""action"": ""execute""}, {""step"": 11, ""stage"": 4, ""est_request_tokens"": 4970, ""pressure_before_management"": false, ""pressure"": false, ""recovery"": false, ""reported_input_tokens"": 5129, ""action"": ""final""}]"
20261004T110921-summary-coding-dev-2-4e2e,calibration,0.260872,summary,coding-dev-2,completed,True,correct,True,invoice-checks/1,correct,True,invoice-checks/1,True,28,28,0,,,4,4,0,12,12,0,12,12,0,11,10,0,1,0,6,0,0,0,1,0,1,45483,3947,5589,0.260872,65.3,2026-10-04.1,7567b4b5ac6d1453f706431ed35e67038acae26088082a4c7b64d4fb7ad86841,4,4,8,4,[],[8],[],[],8,4,3,2,0,0,"[{""step"": 1, ""stage"": 1, ""est_request_tokens"": 1147, ""pressure_before_management"": false, ""pressure"": false, ""recovery"": false, ""reported_input_tokens"": 1509, ""action"": ""execute""}, {""step"": 2, ""stage"": 1, ""est_request_tokens"": 2387, ""pressure_before_management"": false, ""pressure"": false, ""recovery"": false, ""reported_input_tokens"": 2802, ""action"": ""execute""}, {""step"": 3, ""stage"": 1, ""est_request_tokens"": 3279, ""pressure_before_management"": false, ""pressure"": false, ""recovery"": false, ""reported_input_tokens"": 3655, ""action"": ""advance""}, {""step"": 4, ""stage"": 2, ""est_request_tokens"": 3813, ""pressure_before_management"": false, ""pressure"": false, ""recovery"": false, ""reported_input_tokens"": 4014, ""action"": ""execute""}, {""step"": 5, ""stage"": 2, ""est_request_tokens"": 4321, ""pressure_before_management"": false, ""pressure"": false, ""recovery"": false, ""reported_input_tokens"": 4470, ""action"": ""advance""}, {""step"": 6, ""stage"": 3, ""est_request_tokens"": 4793, ""pressure_before_management"": false, ""pressure"": false, ""recovery"": false, ""reported_input_tokens"": 4870, ""action"": ""execute""}, {""step"": 7, ""stage"": 3, ""est_request_tokens"": 5510, ""pressure_before_management"": false, ""pressure"": false, ""recovery"": false, ""reported_input_tokens"": 5589, ""action"": ""advance""}, {""step"": 8, ""stage"": 4, ""est_request_tokens"": 4041, ""pressure_before_management"": true, ""pressure"": false, ""recovery"": false, ""reported_input_tokens"": 4024, ""action"": ""execute""}, {""step"": 9, ""stage"": 4, ""est_request_tokens"": 4827, ""pressure_before_management"": false, ""pressure"": false, ""recovery"": false, ""reported_input_tokens"": 4895, ""action"": ""execute""}, {""step"": 10, ""stage"": 4, ""est_request_tokens"": 5384, ""pressure_before_management"": false, ""pressure"": false, ""recovery"": false, ""reported_input_tokens"": 5471, ""action"": ""final""}]"
20261004T111036-clm-coding-dev-2-189d,calibration,0.22128,clm,coding-dev-2,completed,True,correct,True,invoice-checks/1,correct,True,invoice-checks/1,True,28,28,0,,,4,4,0,12,12,0,12,12,0,12,12,0,0,0,8,3,3,0,0,0,0,38885,3287,4650,0.22128,68.2,2026-10-04.1,7567b4b5ac6d1453f706431ed35e67038acae26088082a4c7b64d4fb7ad86841,4,4,,,"[4, 6, 9]",[],[],[],4,1,9,5,3,0,"[{""step"": 1, ""stage"": 1, ""est_request_tokens"": 1428, ""pressure_before_management"": false, ""pressure"": false, ""recovery"": false, ""reported_input_tokens"": 1802, ""action"": ""execute""}, {""step"": 2, ""stage"": 1, ""est_request_tokens"": 2500, ""pressure_before_management"": false, ""pressure"": false, ""recovery"": false, ""reported_input_tokens"": 2904, ""action"": ""execute""}, {""step"": 3, ""stage"": 1, ""est_request_tokens"": 3164, ""pressure_before_management"": false, ""pressure"": false, ""recovery"": false, ""reported_input_tokens"": 3475, ""action"": ""execute""}, {""step"": 4, ""stage"": 1, ""est_request_tokens"": 2755, ""pressure_before_management"": false, ""pressure"": false, ""recovery"": false, ""reported_input_tokens"": 2940, ""action"": ""advance""}, {""step"": 5, ""stage"": 2, ""est_request_tokens"": 3202, ""pressure_before_management"": false, ""pressure"": false, ""recovery"": false, ""reported_input_tokens"": 3299, ""action"": ""execute""}, {""step"": 6, ""stage"": 2, ""est_request_tokens"": 2637, ""pressure_before_management"": false, ""pressure"": false, ""recovery"": false, ""reported_input_tokens"": 2636, ""action"": ""advance""}, {""step"": 7, ""stage"": 3, ""est_request_tokens"": 3024, ""pressure_before_management"": false, ""pressure"": false, ""recovery"": false, ""reported_input_tokens"": 3036, ""action"": ""execute""}, {""step"": 8, ""stage"": 3, ""est_request_tokens"": 3566, ""pressure_before_management"": false, ""pressure"": false, ""recovery"": false, ""reported_input_tokens"": 3692, ""action"": ""execute""}, {""step"": 9, ""stage"": 3, ""est_request_tokens"": 2990, ""pressure_before_management"": false, ""pressure"": false, ""recovery"": false, ""reported_input_tokens"": 2972, ""action"": ""advance""}, {""step"": 10, ""stage"": 4, ""est_request_tokens"": 3328, ""pressure_before_management"": false, ""pressure"": false, ""recovery"": false, ""reported_input_tokens"": 3330, ""action"": ""execute""}, {""step"": 11, ""stage"": 4, ""est_request_tokens"": 4034, ""pressure_before_management"": false, ""pressure"": false, ""recovery"": false, ""reported_input_tokens"": 4149, ""action"": ""execute""}, {""step"": 12, ""stage"": 4, ""est_request_tokens"": 4539, ""pressure_before_management"": false, ""pressure"": false, ""recovery"": false, ""reported_input_tokens"": 4650, ""action"": ""final""}]"
20261004T111345-summary-coding-eval-1-94d3,evaluation,0.254976,summary,coding-eval-1,completed,True,correct,True,invoice-checks/1,correct,True,invoice-checks/1,True,28,28,0,,,8,8,0,12,12,0,8,8,0,11,10,0,1,0,6,0,0,0,1,0,1,42094,4330,5574,0.254976,66.2,2026-10-04.1,0f8dedc5f60071e74599a5ae03b2dc3c65c1f14ac44b8510986bf82f2bd6e8a6,4,4,8,4,[],[8],[],[],8,4,3,2,0,0,"[{""step"": 1, ""stage"": 1, ""est_request_tokens"": 1147, ""pressure_before_management"": false, ""pressure"": false, ""recovery"": false, ""reported_input_tokens"": 1509, ""action"": ""execute""}, {""step"": 2, ""stage"": 1, ""est_request_tokens"": 2102, ""pressure_before_management"": false, ""pressure"": false, ""recovery"": false, ""reported_input_tokens"": 2441, ""action"": ""execute""}, {""step"": 3, ""stage"": 1, ""est_request_tokens"": 2813, ""pressure_before_management"": false, ""pressure"": false, ""recovery"": false, ""reported_input_tokens"": 3141, ""action"": ""advance""}, {""step"": 4, ""stage"": 2, ""est_request_tokens"": 3343, ""pressure_before_management"": false, ""pressure"": false, ""recovery"": false, ""reported_input_tokens"": 3522, ""action"": ""execute""}, {""step"": 5, ""stage"": 2, ""est_request_tokens"": 4088, ""pressure_before_management"": false, ""pressure"": false, ""recovery"": false, ""reported_input_tokens"": 4295, ""action"": ""advance""}, {""step"": 6, ""stage"": 3, ""est_request_tokens"": 4643, ""pressure_before_management"": false, ""pressure"": false, ""recovery"": false, ""reported_input_tokens"": 4722, ""action"": ""execute""}, {""step"": 7, ""stage"": 3, ""est_request_tokens"": 5422, ""pressure_before_management"": false, ""pressure"": false, ""recovery"": false, ""reported_input_tokens"": 5574, ""action"": ""advance""}, {""step"": 8, ""stage"": 4, ""est_request_tokens"": 3484, ""pressure_before_management"": true, ""pressure"": false, ""recovery"": false, ""reported_input_tokens"": 3368, ""action"": ""execute""}, {""step"": 9, ""stage"": 4, ""est_request_tokens"": 3963, ""pressure_before_management"": false, ""pressure"": false, ""recovery"": false, ""reported_input_tokens"": 4023, ""action"": ""execute""}, {""step"": 10, ""stage"": 4, ""est_request_tokens"": 4596, ""pressure_before_management"": false, ""pressure"": false, ""recovery"": false, ""reported_input_tokens"": 4702, ""action"": ""final""}]"
20261004T111451-clm-coding-eval-1-194f,evaluation,0.229752,clm,coding-eval-1,completed,True,correct,True,invoice-checks/1,correct,True,invoice-checks/1,True,28,28,0,,,8,8,0,12,12,0,8,8,0,11,11,0,0,0,7,3,3,0,0,0,0,38483,3791,4829,0.229752,64.6,2026-10-04.1,0f8dedc5f60071e74599a5ae03b2dc3c65c1f14ac44b8510986bf82f2bd6e8a6,4,4,,,"[5, 8, 11]",[],[],[],5,2,7,4,2,0,"[{""step"": 1, ""stage"": 1, ""est_request_tokens"": 1428, ""pressure_before_management"": false, ""pressure"": false, ""recovery"": false, ""reported_input_tokens"": 1802, ""action"": ""execute""}, {""step"": 2, ""stage"": 1, ""est_request_tokens"": 2587, ""pressure_before_management"": false, ""pressure"": false, ""recovery"": false, ""reported_input_tokens"": 3012, ""action"": ""execute""}, {""step"": 3, ""stage"": 1, ""est_request_tokens"": 3368, ""pressure_before_management"": false, ""pressure"": false, ""recovery"": false, ""reported_input_tokens"": 3722, ""action"": ""advance""}, {""step"": 4, ""stage"": 2, ""est_request_tokens"": 3904, ""pressure_before_management"": false, ""pressure"": false, ""recovery"": false, ""reported_input_tokens"": 4103, ""action"": ""execute""}, {""step"": 5, ""stage"": 2, ""est_request_tokens"": 3005, ""pressure_before_management"": false, ""pressure"": false, ""recovery"": false, ""reported_input_tokens"": 3072, ""action"": ""advance""}, {""step"": 6, ""stage"": 3, ""est_request_tokens"": 3476, ""pressure_before_management"": false, ""pressure"": false, ""recovery"": false, ""reported_input_tokens"": 3499, ""action"": ""execute""}, {""step"": 7, ""stage"": 3, ""est_request_tokens"": 4215, ""pressure_before_management"": false, ""pressure"": false, ""recovery"": false, ""reported_input_tokens"": 4293, ""action"": ""execute""}, {""step"": 8, ""stage"": 3, ""est_request_tokens"": 3213, ""pressure_before_management"": false, ""pressure"": false, ""recovery"": false, ""reported_input_tokens"": 3248, ""action"": ""advance""}, {""step"": 9, ""stage"": 4, ""est_request_tokens"": 3686, ""pressure_before_management"": false, ""pressure"": false, ""recovery"": false, ""reported_input_tokens"": 3727, ""action"": ""execute""}, {""step"": 10, ""stage"": 4, ""est_request_tokens"": 4790, ""pressure_before_management"": false, ""pressure"": false, ""recovery"": false, ""reported_input_tokens"": 4829, ""action"": ""execute""}, {""step"": 11, ""stage"": 4, ""est_request_tokens"": 3175, ""pressure_before_management"": false, ""pressure"": false, ""recovery"": false, ""reported_input_tokens"": 3176, ""action"": ""final""}]"
20261004T111556-clm-coding-eval-2-c105,evaluation,0.23176,clm,coding-eval-2,completed,True,correct,True,invoice-checks/1,correct,True,invoice-checks/1,True,28,28,0,,,4,4,0,12,12,0,12,12,0,12,12,0,0,0,8,3,3,0,0,0,0,40535,3481,4527,0.23176,59.6,2026-10-04.1,d975c6f21735840d75f1f7fc3377c55c295fe52ce15c8ce1b53265a1f0383d25,4,4,,,"[4, 6, 9]",[],[],[],4,1,9,5,3,0,"[{""step"": 1, ""stage"": 1, ""est_request_tokens"": 1428, ""pressure_before_management"": false, ""pressure"": false, ""recovery"": false, ""reported_input_tokens"": 1802, ""action"": ""execute""}, {""step"": 2, ""stage"": 1, ""est_request_tokens"": 2543, ""pressure_before_management"": false, ""pressure"": false, ""recovery"": false, ""reported_input_tokens"": 2947, ""action"": ""execute""}, {""step"": 3, ""stage"": 1, ""est_request_tokens"": 3666, ""pressure_before_management"": false, ""pressure"": false, ""recovery"": false, ""reported_input_tokens"": 4239, ""action"": ""execute""}, {""step"": 4, ""stage"": 1, ""est_request_tokens"": 2960, ""pressure_before_management"": false, ""pressure"": false, ""recovery"": false, ""reported_input_tokens"": 3030, ""action"": ""advance""}, {""step"": 5, ""stage"": 2, ""est_request_tokens"": 3361, ""pressure_before_management"": false, ""pressure"": false, ""recovery"": false, ""reported_input_tokens"": 3415, ""action"": ""execute""}, {""step"": 6, ""stage"": 2, ""est_request_tokens"": 2821, ""pressure_before_management"": false, ""pressure"": false, ""recovery"": false, ""reported_input_tokens"": 2850, ""action"": ""advance""}, {""step"": 7, ""stage"": 3, ""est_request_tokens"": 3266, ""pressure_before_management"": false, ""pressure"": false, ""recovery"": false, ""reported_input_tokens"": 3281, ""action"": ""execute""}, {""step"": 8, ""stage"": 3, ""est_request_tokens"": 4012, ""pressure_before_management"": false, ""pressure"": false, ""recovery"": false, ""reported_input_tokens"": 4120, ""action"": ""execute""}, {""step"": 9, ""stage"": 3, ""est_request_tokens"": 3043, ""pressure_before_management"": false, ""pressure"": false, ""recovery"": false, ""reported_input_tokens"": 3025, ""action"": ""advance""}, {""step"": 10, ""stage"": 4, ""est_request_tokens"": 3420, ""pressure_before_management"": false, ""pressure"": false, ""recovery"": false, ""reported_input_tokens"": 3404, ""action"": ""execute""}, {""step"": 11, ""stage"": 4, ""est_request_tokens"": 3850, ""pressure_before_management"": false, ""pressure"": false, ""recovery"": false, ""reported_input_tokens"": 3895, ""action"": ""execute""}, {""step"": 12, ""stage"": 4, ""est_request_tokens"": 4429, ""pressure_before_management"": false, ""pressure"": false, ""recovery"": false, ""reported_input_tokens"": 4527, ""action"": ""final""}]"
20261004T111655-summary-coding-eval-2-0ded,evaluation,0.26146,summary,coding-eval-2,completed,True,correct,True,invoice-checks/1,correct,True,invoice-checks/1,True,28,28,0,,,4,4,0,12,12,0,12,12,0,11,10,0,1,0,6,0,0,0,1,0,1,45450,3983,5561,0.26146,64.9,2026-10-04.1,d975c6f21735840d75f1f7fc3377c55c295fe52ce15c8ce1b53265a1f0383d25,4,4,8,4,[],[8],[],[],8,4,3,2,0,0,"[{""step"": 1, ""stage"": 1, ""est_request_tokens"": 1147, ""pressure_before_management"": false, ""pressure"": false, ""recovery"": false, ""reported_input_tokens"": 1509, ""action"": ""execute""}, {""step"": 2, ""stage"": 1, ""est_request_tokens"": 2349, ""pressure_before_management"": false, ""pressure"": false, ""recovery"": false, ""reported_input_tokens"": 2749, ""action"": ""execute""}, {""step"": 3, ""stage"": 1, ""est_request_tokens"": 3233, ""pressure_before_management"": false, ""pressure"": false, ""recovery"": false, ""reported_input_tokens"": 3576, ""action"": ""advance""}, {""step"": 4, ""stage"": 2, ""est_request_tokens"": 3759, ""pressure_before_management"": false, ""pressure"": false, ""recovery"": false, ""reported_input_tokens"": 3961, ""action"": ""execute""}, {""step"": 5, ""stage"": 2, ""est_request_tokens"": 4367, ""pressure_before_management"": false, ""pressure"": false, ""recovery"": false, ""reported_input_tokens"": 4530, ""action"": ""advance""}, {""step"": 6, ""stage"": 3, ""est_request_tokens"": 4903, ""pressure_before_management"": false, ""pressure"": false, ""recovery"": false, ""reported_input_tokens"": 4977, ""action"": ""execute""}, {""step"": 7, ""stage"": 3, ""est_request_tokens"": 5471, ""pressure_before_management"": false, ""pressure"": false, ""recovery"": false, ""reported_input_tokens"": 5561, ""action"": ""advance""}, {""step"": 8, ""stage"": 4, ""est_request_tokens"": 4007, ""pressure_before_management"": true, ""pressure"": false, ""recovery"": false, ""reported_input_tokens"": 3976, ""action"": ""execute""}, {""step"": 9, ""stage"": 4, ""est_request_tokens"": 4818, ""pressure_before_management"": false, ""pressure"": false, ""recovery"": false, ""reported_input_tokens"": 4878, ""action"": ""execute""}, {""step"": 10, ""stage"": 4, ""est_request_tokens"": 5368, ""pressure_before_management"": false, ""pressure"": false, ""recovery"": false, ""reported_input_tokens"": 5442, ""action"": ""final""}]"
20261004T111800-summary-coding-eval-3-7b9c,evaluation,0.348556,summary,coding-eval-3,completed,True,correct,True,invoice-checks/1,correct,True,invoice-checks/1,True,28,28,0,,,4,4,0,16,16,0,8,8,0,13,11,0,2,0,7,0,0,0,2,0,2,54409,6546,5551,0.348556,87.1,2026-10-04.1,f5b3498e4c4746789da21ad2660e381cdb23a4e010900150aaf576120f13f001,4,4,6,2,[],"[6, 11]",[],[],6,2,6,3,2,0,"[{""step"": 1, ""stage"": 1, ""est_request_tokens"": 1147, ""pressure_before_management"": false, ""pressure"": false, ""recovery"": false, ""reported_input_tokens"": 1509, ""action"": ""execute""}, {""step"": 2, ""stage"": 1, ""est_request_tokens"": 2162, ""pressure_before_management"": false, ""pressure"": false, ""recovery"": false, ""reported_input_tokens"": 2516, ""action"": ""execute""}, {""step"": 3, ""stage"": 1, ""est_request_tokens"": 3307, ""pressure_before_management"": false, ""pressure"": false, ""recovery"": false, ""reported_input_tokens"": 3803, ""action"": ""execute""}, {""step"": 4, ""stage"": 1, ""est_request_tokens"": 4304, ""pressure_before_management"": false, ""pressure"": false, ""recovery"": false, ""reported_input_tokens"": 4664, ""action"": ""advance""}, {""step"": 5, ""stage"": 2, ""est_request_tokens"": 4975, ""pressure_before_management"": false, ""pressure"": false, ""recovery"": false, ""reported_input_tokens"": 5137, ""action"": ""execute""}, {""step"": 6, ""stage"": 2, ""est_request_tokens"": 3895, ""pressure_before_management"": true, ""pressure"": false, ""recovery"": false, ""reported_input_tokens"": 3856, ""action"": ""advance""}, {""step"": 7, ""stage"": 3, ""est_request_tokens"": 4281, ""pressure_before_management"": false, ""pressure"": false, ""recovery"": false, ""reported_input_tokens"": 4237, ""action"": ""execute""}, {""step"": 8, ""stage"": 3, ""est_request_tokens"": 4654, ""pressure_before_management"": false, ""pressure"": false, ""recovery"": false, ""reported_input_tokens"": 4662, ""action"": ""execute""}, {""step"": 9, ""stage"": 3, ""est_request_tokens"": 5071, ""pressure_before_management"": false, ""pressure"": false, ""recovery"": false, ""reported_input_tokens"": 5080, ""action"": ""advance""}, {""step"": 10, ""stage"": 4, ""est_request_tokens"": 5557, ""pressure_before_management"": false, ""pressure"": false, ""recovery"": false, ""reported_input_tokens"": 5551, ""action"": ""execute""}, {""step"": 11, ""stage"": 4, ""est_request_tokens"": 4023, ""pressure_before_management"": true, ""pressure"": false, ""recovery"": false, ""reported_input_tokens"": 4078, ""action"": ""final""}]"
20261004T111927-clm-coding-eval-3-6f2e,evaluation,0.217236,clm,coding-eval-3,completed,True,correct,True,invoice-checks/1,correct,True,invoice-checks/1,True,28,28,0,,,4,4,0,16,16,0,8,8,0,11,11,0,0,0,7,3,3,0,0,0,0,36204,3621,4771,0.217236,57.0,2026-10-04.1,f5b3498e4c4746789da21ad2660e381cdb23a4e010900150aaf576120f13f001,4,4,,,"[4, 6, 8]",[],[],[],4,1,8,4,3,0,"[{""step"": 1, ""stage"": 1, ""est_request_tokens"": 1428, ""pressure_before_management"": false, ""pressure"": false, ""recovery"": false, ""reported_input_tokens"": 1802, ""action"": ""execute""}, {""step"": 2, ""stage"": 1, ""est_request_tokens"": 2474, ""pressure_before_management"": false, ""pressure"": false, ""recovery"": false, ""reported_input_tokens"": 2870, ""action"": ""execute""}, {""step"": 3, ""stage"": 1, ""est_request_tokens"": 3136, ""pressure_before_management"": false, ""pressure"": false, ""recovery"": false, ""reported_input_tokens"": 3449, ""action"": ""execute""}, {""step"": 4, ""stage"": 1, ""est_request_tokens"": 2795, ""pressure_before_management"": false, ""pressure"": false, ""recovery"": false, ""reported_input_tokens"": 2964, ""action"": ""advance""}, {""step"": 5, ""stage"": 2, ""est_request_tokens"": 3351, ""pressure_before_management"": false, ""pressure"": false, ""recovery"": false, ""reported_input_tokens"": 3437, ""action"": ""execute""}, {""step"": 6, ""stage"": 2, ""est_request_tokens"": 3067, ""pressure_before_management"": false, ""pressure"": false, ""recovery"": false, ""reported_input_tokens"": 3166, ""action"": ""advance""}, {""step"": 7, ""stage"": 3, ""est_request_tokens"": 3507, ""pressure_before_management"": false, ""pressure"": false, ""recovery"": false, ""reported_input_tokens"": 3547, ""action"": ""execute""}, {""step"": 8, ""stage"": 3, ""est_request_tokens"": 2812, ""pressure_before_management"": false, ""pressure"": false, ""recovery"": false, ""reported_input_tokens"": 2814, ""action"": ""advance""}, {""step"": 9, ""stage"": 4, ""est_request_tokens"": 3266, ""pressure_before_management"": false, ""pressure"": false, ""recovery"": false, ""reported_input_tokens"": 3269, ""action"": ""execute""}, {""step"": 10, ""stage"": 4, ""est_request_tokens"": 3984, ""pressure_before_management"": false, ""pressure"": false, ""recovery"": false, ""reported_input_tokens"": 4115, ""action"": ""execute""}, {""step"": 11, ""stage"": 4, ""est_request_tokens"": 4662, ""pressure_before_management"": false, ""pressure"": false, ""recovery"": false, ""reported_input_tokens"": 4771, ""action"": ""final""}]"
20261004T112024-clm-coding-eval-4-abe2,evaluation,0.248896,clm,coding-eval-4,completed,True,correct,True,invoice-checks/1,correct,True,invoice-checks/1,True,28,28,0,,,4,4,0,16,16,0,8,8,0,12,12,0,0,0,8,3,3,0,0,0,0,41484,4148,5112,0.248896,65.6,2026-10-04.1,723966d3b0cee90813a8773fcd4382932adcc8108c7bcce64e55777abf7aa7ed,4,4,,,"[4, 6, 9]",[],[],[],4,1,9,5,3,0,"[{""step"": 1, ""stage"": 1, ""est_request_tokens"": 1428, ""pressure_before_management"": false, ""pressure"": false, ""recovery"": false, ""reported_input_tokens"": 1802, ""action"": ""execute""}, {""step"": 2, ""stage"": 1, ""est_request_tokens"": 2434, ""pressure_before_management"": false, ""pressure"": false, ""recovery"": false, ""reported_input_tokens"": 2821, ""action"": ""execute""}, {""step"": 3, ""stage"": 1, ""est_request_tokens"": 3798, ""pressure_before_management"": false, ""pressure"": false, ""recovery"": false, ""reported_input_tokens"": 4413, ""action"": ""execute""}, {""step"": 4, ""stage"": 1, ""est_request_tokens"": 2855, ""pressure_before_management"": false, ""pressure"": false, ""recovery"": false, ""reported_input_tokens"": 2966, ""action"": ""advance""}, {""step"": 5, ""stage"": 2, ""est_request_tokens"": 3279, ""pressure_before_management"": false, ""pressure"": false, ""recovery"": false, ""reported_input_tokens"": 3346, ""action"": ""execute""}, {""step"": 6, ""stage"": 2, ""est_request_tokens"": 2909, ""pressure_before_management"": false, ""pressure"": false, ""recovery"": false, ""reported_input_tokens"": 2901, ""action"": ""advance""}, {""step"": 7, ""stage"": 3, ""est_request_tokens"": 3345, ""pressure_before_management"": false, ""pressure"": false, ""recovery"": false, ""reported_input_tokens"": 3351, ""action"": ""execute""}, {""step"": 8, ""stage"": 3, ""est_request_tokens"": 3993, ""pressure_before_management"": false, ""pressure"": false, ""recovery"": false, ""reported_input_tokens"": 4093, ""action"": ""execute""}, {""step"": 9, ""stage"": 3, ""est_request_tokens"": 2954, ""pressure_before_management"": false, ""pressure"": false, ""recovery"": false, ""reported_input_tokens"": 2933, ""action"": ""advance""}, {""step"": 10, ""stage"": 4, ""est_request_tokens"": 3489, ""pressure_before_management"": false, ""pressure"": false, ""recovery"": false, ""reported_input_tokens"": 3437, ""action"": ""execute""}, {""step"": 11, ""stage"": 4, ""est_request_tokens"": 4208, ""pressure_before_management"": false, ""pressure"": false, ""recovery"": false, ""reported_input_tokens"": 4309, ""action"": ""execute""}, {""step"": 12, ""stage"": 4, ""est_request_tokens"": 4938, ""pressure_before_management"": false, ""pressure"": false, ""recovery"": false, ""reported_input_tokens"": 5112, ""action"": ""final""}]"
20261004T112130-summary-coding-eval-4-28a7,evaluation,0.31274,summary,coding-eval-4,completed,True,correct,True,invoice-checks/1,correct,True,invoice-checks/1,True,28,28,0,,,4,4,0,16,16,0,8,8,0,12,10,0,2,0,6,0,0,0,2,0,2,46810,6275,5465,0.31274,83.4,2026-10-04.1,723966d3b0cee90813a8773fcd4382932adcc8108c7bcce64e55777abf7aa7ed,4,4,8,4,[],"[8, 10]",[],[],8,4,3,2,0,0,"[{""step"": 1, ""stage"": 1, ""est_request_tokens"": 1147, ""pressure_before_management"": false, ""pressure"": false, ""recovery"": false, ""reported_input_tokens"": 1509, ""action"": ""execute""}, {""step"": 2, ""stage"": 1, ""est_request_tokens"": 2120, ""pressure_before_management"": false, ""pressure"": false, ""recovery"": false, ""reported_input_tokens"": 2467, ""action"": ""execute""}, {""step"": 3, ""stage"": 1, ""est_request_tokens"": 2837, ""pressure_before_management"": false, ""pressure"": false, ""recovery"": false, ""reported_input_tokens"": 3153, ""action"": ""advance""}, {""step"": 4, ""stage"": 2, ""est_request_tokens"": 3349, ""pressure_before_management"": false, ""pressure"": false, ""recovery"": false, ""reported_input_tokens"": 3533, ""action"": ""execute""}, {""step"": 5, ""stage"": 2, ""est_request_tokens"": 4166, ""pressure_before_management"": false, ""pressure"": false, ""recovery"": false, ""reported_input_tokens"": 4352, ""action"": ""advance""}, {""step"": 6, ""stage"": 3, ""est_request_tokens"": 4705, ""pressure_before_management"": false, ""pressure"": false, ""recovery"": false, ""reported_input_tokens"": 4802, ""action"": ""execute""}, {""step"": 7, ""stage"": 3, ""est_request_tokens"": 5376, ""pressure_before_management"": false, ""pressure"": false, ""recovery"": false, ""reported_input_tokens"": 5465, ""action"": ""advance""}, {""step"": 8, ""stage"": 4, ""est_request_tokens"": 4210, ""pressure_before_management"": true, ""pressure"": false, ""recovery"": false, ""reported_input_tokens"": 4098, ""action"": ""execute""}, {""step"": 9, ""stage"": 4, ""est_request_tokens"": 4865, ""pressure_before_management"": false, ""pressure"": false, ""recovery"": false, ""reported_input_tokens"": 4899, ""action"": ""execute""}, {""step"": 10, ""stage"": 4, ""est_request_tokens"": 4144, ""pressure_before_management"": true, ""pressure"": false, ""recovery"": false, ""reported_input_tokens"": 4203, ""action"": ""final""}]"
20261004T112253-summary-coding-eval-1-2812,evaluation,0.256232,summary,coding-eval-1,completed,True,correct,True,invoice-checks/1,correct,True,invoice-checks/1,True,28,28,0,,,8,8,0,12,12,0,8,8,0,11,10,0,1,0,6,0,0,0,1,0,1,41653,4481,5551,0.256232,64.8,2026-10-04.1,0f8dedc5f60071e74599a5ae03b2dc3c65c1f14ac44b8510986bf82f2bd6e8a6,4,4,8,4,[],[8],[],[],8,4,3,2,0,0,"[{""step"": 1, ""stage"": 1, ""est_request_tokens"": 1147, ""pressure_before_management"": false, ""pressure"": false, ""recovery"": false, ""reported_input_tokens"": 1509, ""action"": ""execute""}, {""step"": 2, ""stage"": 1, ""est_request_tokens"": 2102, ""pressure_before_management"": false, ""pressure"": false, ""recovery"": false, ""reported_input_tokens"": 2441, ""action"": ""execute""}, {""step"": 3, ""stage"": 1, ""est_request_tokens"": 2814, ""pressure_before_management"": false, ""pressure"": false, ""recovery"": false, ""reported_input_tokens"": 3121, ""action"": ""advance""}, {""step"": 4, ""stage"": 2, ""est_request_tokens"": 3333, ""pressure_before_management"": false, ""pressure"": false, ""recovery"": false, ""reported_input_tokens"": 3502, ""action"": ""execute""}, {""step"": 5, ""stage"": 2, ""est_request_tokens"": 4111, ""pressure_before_management"": false, ""pressure"": false, ""recovery"": false, ""reported_input_tokens"": 4295, ""action"": ""advance""}, {""step"": 6, ""stage"": 3, ""est_request_tokens"": 4653, ""pressure_before_management"": false, ""pressure"": false, ""recovery"": false, ""reported_input_tokens"": 4722, ""action"": ""execute""}, {""step"": 7, ""stage"": 3, ""est_request_tokens"": 5430, ""pressure_before_management"": false, ""pressure"": false, ""recovery"": false, ""reported_input_tokens"": 5551, ""action"": ""advance""}, {""step"": 8, ""stage"": 4, ""est_request_tokens"": 3317, ""pressure_before_management"": true, ""pressure"": false, ""recovery"": false, ""reported_input_tokens"": 3242, ""action"": ""execute""}, {""step"": 9, ""stage"": 4, ""est_request_tokens"": 3848, ""pressure_before_management"": false, ""pressure"": false, ""recovery"": false, ""reported_input_tokens"": 3904, ""action"": ""execute""}, {""step"": 10, ""stage"": 4, ""est_request_tokens"": 4503, ""pressure_before_management"": false, ""pressure"": false, ""recovery"": false, ""reported_input_tokens"": 4592, ""action"": ""final""}]"
20261004T112358-clm-coding-eval-1-a6f4,evaluation,0.229268,clm,coding-eval-1,completed,True,correct,True,invoice-checks/1,correct,True,invoice-checks/1,True,28,28,0,,,8,8,0,12,12,0,8,8,0,11,11,0,0,0,7,2,2,0,0,0,0,38872,3689,4972,0.229268,61.6,2026-10-04.1,0f8dedc5f60071e74599a5ae03b2dc3c65c1f14ac44b8510986bf82f2bd6e8a6,4,4,,,"[5, 8]",[],[],[],5,2,7,4,2,0,"[{""step"": 1, ""stage"": 1, ""est_request_tokens"": 1428, ""pressure_before_management"": false, ""pressure"": false, ""recovery"": false, ""reported_input_tokens"": 1802, ""action"": ""execute""}, {""step"": 2, ""stage"": 1, ""est_request_tokens"": 2559, ""pressure_before_management"": false, ""pressure"": false, ""recovery"": false, ""reported_input_tokens"": 2960, ""action"": ""execute""}, {""step"": 3, ""stage"": 1, ""est_request_tokens"": 3304, ""pressure_before_management"": false, ""pressure"": false, ""recovery"": false, ""reported_input_tokens"": 3649, ""action"": ""advance""}, {""step"": 4, ""stage"": 2, ""est_request_tokens"": 3834, ""pressure_before_management"": false, ""pressure"": false, ""recovery"": false, ""reported_input_tokens"": 4030, ""action"": ""execute""}, {""step"": 5, ""stage"": 2, ""est_request_tokens"": 2900, ""pressure_before_management"": false, ""pressure"": false, ""recovery"": false, ""reported_input_tokens"": 2964, ""action"": ""advance""}, {""step"": 6, ""stage"": 3, ""est_request_tokens"": 3368, ""pressure_before_management"": false, ""pressure"": false, ""recovery"": false, ""reported_input_tokens"": 3391, ""action"": ""execute""}, {""step"": 7, ""stage"": 3, ""est_request_tokens"": 4023, ""pressure_before_management"": false, ""pressure"": false, ""recovery"": false, ""reported_input_tokens"": 4129, ""action"": ""execute""}, {""step"": 8, ""stage"": 3, ""est_request_tokens"": 3067, ""pressure_before_management"": false, ""pressure"": false, ""recovery"": false, ""reported_input_tokens"": 3136, ""action"": ""advance""}, {""step"": 9, ""stage"": 4, ""est_request_tokens"": 3560, ""pressure_before_management"": false, ""pressure"": false, ""recovery"": false, ""reported_input_tokens"": 3615, ""action"": ""execute""}, {""step"": 10, ""stage"": 4, ""est_request_tokens"": 4135, ""pressure_before_management"": false, ""pressure"": false, ""recovery"": false, ""reported_input_tokens"": 4224, ""action"": ""execute""}, {""step"": 11, ""stage"": 4, ""est_request_tokens"": 4853, ""pressure_before_management"": false, ""pressure"": false, ""recovery"": false, ""reported_input_tokens"": 4972, ""action"": ""final""}]"
20261004T112500-clm-coding-eval-2-c5e5,evaluation,0.196812,clm,coding-eval-2,completed,True,correct,True,invoice-checks/1,correct,True,invoice-checks/1,True,28,28,0,,,4,4,0,12,12,0,12,12,0,11,11,0,0,0,7,3,3,0,0,0,0,34523,2936,4185,0.196812,56.1,2026-10-04.1,d975c6f21735840d75f1f7fc3377c55c295fe52ce15c8ce1b53265a1f0383d25,4,4,,,"[3, 5, 8]",[],[],[],3,1,9,5,3,0,"[{""step"": 1, ""stage"": 1, ""est_request_tokens"": 1428, ""pressure_before_management"": false, ""pressure"": false, ""recovery"": false, ""reported_input_tokens"": 1802, ""action"": ""execute""}, {""step"": 2, ""stage"": 1, ""est_request_tokens"": 2447, ""pressure_before_management"": false, ""pressure"": false, ""recovery"": false, ""reported_input_tokens"": 2827, ""action"": ""execute""}, {""step"": 3, ""stage"": 1, ""est_request_tokens"": 2578, ""pressure_before_management"": false, ""pressure"": false, ""recovery"": false, ""reported_input_tokens"": 2863, ""action"": ""advance""}, {""step"": 4, ""stage"": 2, ""est_request_tokens"": 3068, ""pressure_before_management"": false, ""pressure"": false, ""recovery"": false, ""reported_input_tokens"": 3248, ""action"": ""execute""}, {""step"": 5, ""stage"": 2, ""est_request_tokens"": 2711, ""pressure_before_management"": false, ""pressure"": false, ""recovery"": false, ""reported_input_tokens"": 2766, ""action"": ""advance""}, {""step"": 6, ""stage"": 3, ""est_request_tokens"": 3166, ""pressure_before_management"": false, ""pressure"": false, ""recovery"": false, ""reported_input_tokens"": 3197, ""action"": ""execute""}, {""step"": 7, ""stage"": 3, ""est_request_tokens"": 3745, ""pressure_before_management"": false, ""pressure"": false, ""recovery"": false, ""reported_input_tokens"": 3870, ""action"": ""execute""}, {""step"": 8, ""stage"": 3, ""est_request_tokens"": 2865, ""pressure_before_management"": false, ""pressure"": false, ""recovery"": false, ""reported_input_tokens"": 2868, ""action"": ""advance""}, {""step"": 9, ""stage"": 4, ""est_request_tokens"": 3253, ""pressure_before_management"": false, ""pressure"": false, ""recovery"": false, ""reported_input_tokens"": 3247, ""action"": ""execute""}, {""step"": 10, ""stage"": 4, ""est_request_tokens"": 3593, ""pressure_before_management"": false, ""pressure"": false, ""recovery"": false, ""reported_input_tokens"": 3650, ""action"": ""execute""}, {""step"": 11, ""stage"": 4, ""est_request_tokens"": 4102, ""pressure_before_management"": false, ""pressure"": false, ""recovery"": false, ""reported_input_tokens"": 4185, ""action"": ""final""}]"
20261004T112556-summary-coding-eval-2-c489,evaluation,0.3308,summary,coding-eval-2,completed,True,correct,True,invoice-checks/1,correct,True,invoice-checks/1,True,28,28,0,,,4,4,0,12,12,0,12,12,0,13,11,0,2,0,7,0,0,0,2,0,2,52450,6050,5376,0.3308,86.5,2026-10-04.1,d975c6f21735840d75f1f7fc3377c55c295fe52ce15c8ce1b53265a1f0383d25,4,4,8,3,[],"[8, 11]",[],[],8,3,4,2,1,0,"[{""step"": 1, ""stage"": 1, ""est_request_tokens"": 1147, ""pressure_before_management"": false, ""pressure"": false, ""recovery"": false, ""reported_input_tokens"": 1509, ""action"": ""execute""}, {""step"": 2, ""stage"": 1, ""est_request_tokens"": 2134, ""pressure_before_management"": false, ""pressure"": false, ""recovery"": false, ""reported_input_tokens"": 2473, ""action"": ""execute""}, {""step"": 3, ""stage"": 1, ""est_request_tokens"": 3193, ""pressure_before_management"": false, ""pressure"": false, ""recovery"": false, ""reported_input_tokens"": 3540, ""action"": ""execute""}, {""step"": 4, ""stage"": 1, ""est_request_tokens"": 3724, ""pressure_before_management"": false, ""pressure"": false, ""recovery"": false, ""reported_input_tokens"": 3930, ""action"": ""advance""}, {""step"": 5, ""stage"": 2, ""est_request_tokens"": 4196, ""pressure_before_management"": false, ""pressure"": false, ""recovery"": false, ""reported_input_tokens"": 4315, ""action"": ""execute""}, {""step"": 6, ""stage"": 2, ""est_request_tokens"": 4771, ""pressure_before_management"": false, ""pressure"": false, ""recovery"": false, ""reported_input_tokens"": 4906, ""action"": ""advance""}, {""step"": 7, ""stage"": 3, ""est_request_tokens"": 5297, ""pressure_before_management"": false, ""pressure"": false, ""recovery"": false, ""reported_input_tokens"": 5353, ""action"": ""execute""}, {""step"": 8, ""stage"": 3, ""est_request_tokens"": 4060, ""pressure_before_management"": true, ""pressure"": false, ""recovery"": false, ""reported_input_tokens"": 4060, ""action"": ""advance""}, {""step"": 9, ""stage"": 4, ""est_request_tokens"": 4477, ""pressure_before_management"": false, ""pressure"": false, ""recovery"": false, ""reported_input_tokens"": 4464, ""action"": ""execute""}, {""step"": 10, ""stage"": 4, ""est_request_tokens"": 5283, ""pressure_before_management"": false, ""pressure"": false, ""recovery"": false, ""reported_input_tokens"": 5376, ""action"": ""execute""}, {""step"": 11, ""stage"": 4, ""est_request_tokens"": 3686, ""pressure_before_management"": true, ""pressure"": false, ""recovery"": false, ""reported_input_tokens"": 3705, ""action"": ""final""}]"
20261004T112722-summary-coding-eval-3-3269,evaluation,0.318792,summary,coding-eval-3,completed,True,correct,True,invoice-checks/1,correct,True,invoice-checks/1,True,28,28,0,,,4,4,0,16,16,0,8,8,0,12,10,0,2,0,6,0,0,0,2,0,2,48443,6251,5377,0.318792,80.2,2026-10-04.1,f5b3498e4c4746789da21ad2660e381cdb23a4e010900150aaf576120f13f001,4,4,7,3,[],"[7, 10]",[],[],7,3,4,2,1,0,"[{""step"": 1, ""stage"": 1, ""est_request_tokens"": 1147, ""pressure_before_management"": false, ""pressure"": false, ""recovery"": false, ""reported_input_tokens"": 1509, ""action"": ""execute""}, {""step"": 2, ""stage"": 1, ""est_request_tokens"": 2387, ""pressure_before_management"": false, ""pressure"": false, ""recovery"": false, ""reported_input_tokens"": 2801, ""action"": ""execute""}, {""step"": 3, ""stage"": 1, ""est_request_tokens"": 3259, ""pressure_before_management"": false, ""pressure"": false, ""recovery"": false, ""reported_input_tokens"": 3632, ""action"": ""advance""}, {""step"": 4, ""stage"": 2, ""est_request_tokens"": 3910, ""pressure_before_management"": false, ""pressure"": false, ""recovery"": false, ""reported_input_tokens"": 4105, ""action"": ""execute""}, {""step"": 5, ""stage"": 2, ""est_request_tokens"": 4777, ""pressure_before_management"": false, ""pressure"": false, ""recovery"": false, ""reported_input_tokens"": 4996, ""action"": ""advance""}, {""step"": 6, ""stage"": 3, ""est_request_tokens"": 5283, ""pressure_before_management"": false, ""pressure"": false, ""recovery"": false, ""reported_input_tokens"": 5377, ""action"": ""execute""}, {""step"": 7, ""stage"": 3, ""est_request_tokens"": 3926, ""pressure_before_management"": true, ""pressure"": false, ""recovery"": false, ""reported_input_tokens"": 3863, ""action"": ""advance""}, {""step"": 8, ""stage"": 4, ""est_request_tokens"": 4381, ""pressure_before_management"": false, ""pressure"": false, ""recovery"": false, ""reported_input_tokens"": 4346, ""action"": ""execute""}, {""step"": 9, ""stage"": 4, ""est_request_tokens"": 4983, ""pressure_before_management"": false, ""pressure"": false, ""recovery"": false, ""reported_input_tokens"": 5076, ""action"": ""execute""}, {""step"": 10, ""stage"": 4, ""est_request_tokens"": 4120, ""pressure_before_management"": true, ""pressure"": false, ""recovery"": false, ""reported_input_tokens"": 4129, ""action"": ""final""}]"
20261004T112842-clm-coding-eval-3-a41e,evaluation,0.220136,clm,coding-eval-3,completed,True,correct,True,invoice-checks/1,correct,True,invoice-checks/1,True,28,28,0,,,4,4,0,16,16,0,8,8,0,11,11,0,0,0,7,3,3,0,0,0,0,36144,3778,4745,0.220136,60.2,2026-10-04.1,f5b3498e4c4746789da21ad2660e381cdb23a4e010900150aaf576120f13f001,4,4,,,"[4, 6, 8]",[],[],[],4,1,8,4,3,0,"[{""step"": 1, ""stage"": 1, ""est_request_tokens"": 1428, ""pressure_before_management"": false, ""pressure"": false, ""recovery"": false, ""reported_input_tokens"": 1802, ""action"": ""execute""}, {""step"": 2, ""stage"": 1, ""est_request_tokens"": 2474, ""pressure_before_management"": false, ""pressure"": false, ""recovery"": false, ""reported_input_tokens"": 2870, ""action"": ""execute""}, {""step"": 3, ""stage"": 1, ""est_request_tokens"": 3136, ""pressure_before_management"": false, ""pressure"": false, ""recovery"": false, ""reported_input_tokens"": 3449, ""action"": ""execute""}, {""step"": 4, ""stage"": 1, ""est_request_tokens"": 2867, ""pressure_before_management"": false, ""pressure"": false, ""recovery"": false, ""reported_input_tokens"": 3076, ""action"": ""advance""}, {""step"": 5, ""stage"": 2, ""est_request_tokens"": 3445, ""pressure_before_management"": false, ""pressure"": false, ""recovery"": false, ""reported_input_tokens"": 3549, ""action"": ""execute""}, {""step"": 6, ""stage"": 2, ""est_request_tokens"": 3110, ""pressure_before_management"": false, ""pressure"": false, ""recovery"": false, ""reported_input_tokens"": 3226, ""action"": ""advance""}, {""step"": 7, ""stage"": 3, ""est_request_tokens"": 3563, ""pressure_before_management"": false, ""pressure"": false, ""recovery"": false, ""reported_input_tokens"": 3607, ""action"": ""execute""}, {""step"": 8, ""stage"": 3, ""est_request_tokens"": 2722, ""pressure_before_management"": false, ""pressure"": false, ""recovery"": false, ""reported_input_tokens"": 2678, ""action"": ""advance""}, {""step"": 9, ""stage"": 4, ""est_request_tokens"": 3154, ""pressure_before_management"": false, ""pressure"": false, ""recovery"": false, ""reported_input_tokens"": 3133, ""action"": ""execute""}, {""step"": 10, ""stage"": 4, ""est_request_tokens"": 3852, ""pressure_before_management"": false, ""pressure"": false, ""recovery"": false, ""reported_input_tokens"": 4009, ""action"": ""execute""}, {""step"": 11, ""stage"": 4, ""est_request_tokens"": 4601, ""pressure_before_management"": false, ""pressure"": false, ""recovery"": false, ""reported_input_tokens"": 4745, ""action"": ""final""}]"
20261004T112943-clm-coding-eval-4-476a,evaluation,0.253408,clm,coding-eval-4,completed,True,correct,True,invoice-checks/1,correct,True,invoice-checks/1,True,28,28,0,,,4,4,0,16,16,0,8,8,0,13,13,0,0,0,9,3,3,0,0,0,0,43032,4064,4961,0.253408,71.5,2026-10-04.1,723966d3b0cee90813a8773fcd4382932adcc8108c7bcce64e55777abf7aa7ed,4,4,,,"[4, 7, 10]",[],[],[],4,1,10,6,3,0,"[{""step"": 1, ""stage"": 1, ""est_request_tokens"": 1428, ""pressure_before_management"": false, ""pressure"": false, ""recovery"": false, ""reported_input_tokens"": 1802, ""action"": ""execute""}, {""step"": 2, ""stage"": 1, ""est_request_tokens"": 2434, ""pressure_before_management"": false, ""pressure"": false, ""recovery"": false, ""reported_input_tokens"": 2821, ""action"": ""execute""}, {""step"": 3, ""stage"": 1, ""est_request_tokens"": 3339, ""pressure_before_management"": false, ""pressure"": false, ""recovery"": false, ""reported_input_tokens"": 3713, ""action"": ""execute""}, {""step"": 4, ""stage"": 1, ""est_request_tokens"": 2595, ""pressure_before_management"": false, ""pressure"": false, ""recovery"": false, ""reported_input_tokens"": 2690, ""action"": ""advance""}, {""step"": 5, ""stage"": 2, ""est_request_tokens"": 3003, ""pressure_before_management"": false, ""pressure"": false, ""recovery"": false, ""reported_input_tokens"": 3070, ""action"": ""execute""}, {""step"": 6, ""stage"": 2, ""est_request_tokens"": 3450, ""pressure_before_management"": false, ""pressure"": false, ""recovery"": false, ""reported_input_tokens"": 3576, ""action"": ""execute""}, {""step"": 7, ""stage"": 2, ""est_request_tokens"": 2815, ""pressure_before_management"": false, ""pressure"": false, ""recovery"": false, ""reported_input_tokens"": 2835, ""action"": ""advance""}, {""step"": 8, ""stage"": 3, ""est_request_tokens"": 3265, ""pressure_before_management"": false, ""pressure"": false, ""recovery"": false, ""reported_input_tokens"": 3285, ""action"": ""execute""}, {""step"": 9, ""stage"": 3, ""est_request_tokens"": 3826, ""pressure_before_management"": false, ""pressure"": false, ""recovery"": false, ""reported_input_tokens"": 3924, ""action"": ""execute""}, {""step"": 10, ""stage"": 3, ""est_request_tokens"": 2893, ""pressure_before_management"": false, ""pressure"": false, ""recovery"": false, ""reported_input_tokens"": 2861, ""action"": ""advance""}, {""step"": 11, ""stage"": 4, ""est_request_tokens"": 3425, ""pressure_before_management"": false, ""pressure"": false, ""recovery"": false, ""reported_input_tokens"": 3365, ""action"": ""execute""}, {""step"": 12, ""stage"": 4, ""est_request_tokens"": 4042, ""pressure_before_management"": false, ""pressure"": false, ""recovery"": false, ""reported_input_tokens"": 4129, ""action"": ""execute""}, {""step"": 13, ""stage"": 4, ""est_request_tokens"": 4839, ""pressure_before_management"": false, ""pressure"": false, ""recovery"": false, ""reported_input_tokens"": 4961, ""action"": ""final""}]"
20261004T113054-summary-coding-eval-4-0afb,evaluation,0.299396,summary,coding-eval-4,completed,True,correct,True,invoice-checks/1,correct,True,invoice-checks/1,True,28,28,0,,,4,4,0,16,16,0,8,8,0,12,10,0,2,0,6,0,0,0,2,0,2,45694,5831,5258,0.299396,80.1,2026-10-04.1,723966d3b0cee90813a8773fcd4382932adcc8108c7bcce64e55777abf7aa7ed,4,4,8,4,[],"[8, 10]",[],[],8,4,3,2,0,0,"[{""step"": 1, ""stage"": 1, ""est_request_tokens"": 1147, ""pressure_before_management"": false, ""pressure"": false, ""recovery"": false, ""reported_input_tokens"": 1509, ""action"": ""execute""}, {""step"": 2, ""stage"": 1, ""est_request_tokens"": 2120, ""pressure_before_management"": false, ""pressure"": false, ""recovery"": false, ""reported_input_tokens"": 2467, ""action"": ""execute""}, {""step"": 3, ""stage"": 1, ""est_request_tokens"": 2846, ""pressure_before_management"": false, ""pressure"": false, ""recovery"": false, ""reported_input_tokens"": 3166, ""action"": ""advance""}, {""step"": 4, ""stage"": 2, ""est_request_tokens"": 3360, ""pressure_before_management"": false, ""pressure"": false, ""recovery"": false, ""reported_input_tokens"": 3546, ""action"": ""execute""}, {""step"": 5, ""stage"": 2, ""est_request_tokens"": 4046, ""pressure_before_management"": false, ""pressure"": false, ""recovery"": false, ""reported_input_tokens"": 4215, ""action"": ""advance""}, {""step"": 6, ""stage"": 3, ""est_request_tokens"": 4577, ""pressure_before_management"": false, ""pressure"": false, ""recovery"": false, ""reported_input_tokens"": 4665, ""action"": ""execute""}, {""step"": 7, ""stage"": 3, ""est_request_tokens"": 5168, ""pressure_before_management"": false, ""pressure"": false, ""recovery"": false, ""reported_input_tokens"": 5258, ""action"": ""advance""}, {""step"": 8, ""stage"": 4, ""est_request_tokens"": 4125, ""pressure_before_management"": true, ""pressure"": false, ""recovery"": false, ""reported_input_tokens"": 3982, ""action"": ""execute""}, {""step"": 9, ""stage"": 4, ""est_request_tokens"": 4777, ""pressure_before_management"": false, ""pressure"": false, ""recovery"": false, ""reported_input_tokens"": 4805, ""action"": ""execute""}, {""step"": 10, ""stage"": 4, ""est_request_tokens"": 3931, ""pressure_before_management"": true, ""pressure"": false, ""recovery"": false, ""reported_input_tokens"": 3983, ""action"": ""final""}]"
20261004T113214-summary-coding-eval-1-364b,evaluation,0.233844,summary,coding-eval-1,completed,True,correct,True,invoice-checks/1,correct,True,invoice-checks/1,True,28,28,0,,,8,8,0,12,12,0,8,8,0,10,9,0,1,0,5,0,0,0,1,0,1,37496,4193,5371,0.233844,64.7,2026-10-04.1,0f8dedc5f60071e74599a5ae03b2dc3c65c1f14ac44b8510986bf82f2bd6e8a6,4,4,8,4,[],[8],[],[],8,4,2,1,0,0,"[{""step"": 1, ""stage"": 1, ""est_request_tokens"": 1147, ""pressure_before_management"": false, ""pressure"": false, ""recovery"": false, ""reported_input_tokens"": 1509, ""action"": ""execute""}, {""step"": 2, ""stage"": 1, ""est_request_tokens"": 2102, ""pressure_before_management"": false, ""pressure"": false, ""recovery"": false, ""reported_input_tokens"": 2441, ""action"": ""execute""}, {""step"": 3, ""stage"": 1, ""est_request_tokens"": 2787, ""pressure_before_management"": false, ""pressure"": false, ""recovery"": false, ""reported_input_tokens"": 3082, ""action"": ""advance""}, {""step"": 4, ""stage"": 2, ""est_request_tokens"": 3300, ""pressure_before_management"": false, ""pressure"": false, ""recovery"": false, ""reported_input_tokens"": 3463, ""action"": ""execute""}, {""step"": 5, ""stage"": 2, ""est_request_tokens"": 4001, ""pressure_before_management"": false, ""pressure"": false, ""recovery"": false, ""reported_input_tokens"": 4167, ""action"": ""advance""}, {""step"": 6, ""stage"": 3, ""est_request_tokens"": 4532, ""pressure_before_management"": false, ""pressure"": false, ""recovery"": false, ""reported_input_tokens"": 4594, ""action"": ""execute""}, {""step"": 7, ""stage"": 3, ""est_request_tokens"": 5259, ""pressure_before_management"": false, ""pressure"": false, ""recovery"": false, ""reported_input_tokens"": 5371, ""action"": ""advance""}, {""step"": 8, ""stage"": 4, ""est_request_tokens"": 4141, ""pressure_before_management"": true, ""pressure"": false, ""recovery"": false, ""reported_input_tokens"": 4154, ""action"": ""execute""}, {""step"": 9, ""stage"": 4, ""est_request_tokens"": 4741, ""pressure_before_management"": false, ""pressure"": false, ""recovery"": false, ""reported_input_tokens"": 4807, ""action"": ""final""}]"
20261004T113319-clm-coding-eval-1-2128,evaluation,0.26468,clm,coding-eval-1,completed,True,correct,True,invoice-checks/1,correct,True,invoice-checks/1,True,28,28,0,,,8,8,0,12,12,0,8,8,0,12,12,0,0,0,8,2,2,0,0,0,0,44600,4314,4942,0.26468,137.4,2026-10-04.1,0f8dedc5f60071e74599a5ae03b2dc3c65c1f14ac44b8510986bf82f2bd6e8a6,4,4,,,"[6, 9]",[],[],[],6,2,7,4,2,0,"[{""step"": 1, ""stage"": 1, ""est_request_tokens"": 1428, ""pressure_before_management"": false, ""pressure"": false, ""recovery"": false, ""reported_input_tokens"": 1802, ""action"": ""execute""}, {""step"": 2, ""stage"": 1, ""est_request_tokens"": 2513, ""pressure_before_management"": false, ""pressure"": false, ""recovery"": false, ""reported_input_tokens"": 2915, ""action"": ""execute""}, {""step"": 3, ""stage"": 1, ""est_request_tokens"": 3064, ""pressure_before_management"": false, ""pressure"": false, ""recovery"": false, ""reported_input_tokens"": 3358, ""action"": ""execute""}, {""step"": 4, ""stage"": 1, ""est_request_tokens"": 3872, ""pressure_before_management"": false, ""pressure"": false, ""recovery"": false, ""reported_input_tokens"": 4161, ""action"": ""advance""}, {""step"": 5, ""stage"": 2, ""est_request_tokens"": 4390, ""pressure_before_management"": false, ""pressure"": false, ""recovery"": false, ""reported_input_tokens"": 4542, ""action"": ""execute""}, {""step"": 6, ""stage"": 2, ""est_request_tokens"": 3189, ""pressure_before_management"": false, ""pressure"": false, ""recovery"": false, ""reported_input_tokens"": 3186, ""action"": ""advance""}, {""step"": 7, ""stage"": 3, ""est_request_tokens"": 3630, ""pressure_before_management"": false, ""pressure"": false, ""recovery"": false, ""reported_input_tokens"": 3613, ""action"": ""execute""}, {""step"": 8, ""stage"": 3, ""est_request_tokens"": 4401, ""pressure_before_management"": false, ""pressure"": false, ""recovery"": false, ""reported_input_tokens"": 4456, ""action"": ""execute""}, {""step"": 9, ""stage"": 3, ""est_request_tokens"": 3387, ""pressure_before_management"": false, ""pressure"": false, ""recovery"": false, ""reported_input_tokens"": 3435, ""action"": ""advance""}, {""step"": 10, ""stage"": 4, ""est_request_tokens"": 3869, ""pressure_before_management"": false, ""pressure"": false, ""recovery"": false, ""reported_input_tokens"": 3914, ""action"": ""execute""}, {""step"": 11, ""stage"": 4, ""est_request_tokens"": 4234, ""pressure_before_management"": false, ""pressure"": false, ""recovery"": false, ""reported_input_tokens"": 4276, ""action"": ""execute""}, {""step"": 12, ""stage"": 4, ""est_request_tokens"": 4867, ""pressure_before_management"": false, ""pressure"": false, ""recovery"": false, ""reported_input_tokens"": 4942, ""action"": ""final""}]"
20261004T113536-clm-coding-eval-2-55b1,evaluation,0.211832,clm,coding-eval-2,completed,True,correct,True,invoice-checks/1,correct,True,invoice-checks/1,True,28,28,0,,,4,4,0,12,12,0,12,12,0,11,11,0,0,0,7,3,3,0,0,0,0,36138,3364,4360,0.211832,58.7,2026-10-04.1,d975c6f21735840d75f1f7fc3377c55c295fe52ce15c8ce1b53265a1f0383d25,4,4,,,"[3, 5, 8]",[],[],[],3,1,9,5,3,0,"[{""step"": 1, ""stage"": 1, ""est_request_tokens"": 1428, ""pressure_before_management"": false, ""pressure"": false, ""recovery"": false, ""reported_input_tokens"": 1802, ""action"": ""execute""}, {""step"": 2, ""stage"": 1, ""est_request_tokens"": 2590, ""pressure_before_management"": false, ""pressure"": false, ""recovery"": false, ""reported_input_tokens"": 2992, ""action"": ""execute""}, {""step"": 3, ""stage"": 1, ""est_request_tokens"": 2769, ""pressure_before_management"": false, ""pressure"": false, ""recovery"": false, ""reported_input_tokens"": 3059, ""action"": ""advance""}, {""step"": 4, ""stage"": 2, ""est_request_tokens"": 3261, ""pressure_before_management"": false, ""pressure"": false, ""recovery"": false, ""reported_input_tokens"": 3444, ""action"": ""execute""}, {""step"": 5, ""stage"": 2, ""est_request_tokens"": 2811, ""pressure_before_management"": false, ""pressure"": false, ""recovery"": false, ""reported_input_tokens"": 2909, ""action"": ""advance""}, {""step"": 6, ""stage"": 3, ""est_request_tokens"": 3288, ""pressure_before_management"": false, ""pressure"": false, ""recovery"": false, ""reported_input_tokens"": 3340, ""action"": ""execute""}, {""step"": 7, ""stage"": 3, ""est_request_tokens"": 4106, ""pressure_before_management"": false, ""pressure"": false, ""recovery"": false, ""reported_input_tokens"": 4231, ""action"": ""execute""}, {""step"": 8, ""stage"": 3, ""est_request_tokens"": 2870, ""pressure_before_management"": false, ""pressure"": false, ""recovery"": false, ""reported_input_tokens"": 2891, ""action"": ""advance""}, {""step"": 9, ""stage"": 4, ""est_request_tokens"": 3270, ""pressure_before_management"": false, ""pressure"": false, ""recovery"": false, ""reported_input_tokens"": 3270, ""action"": ""execute""}, {""step"": 10, ""stage"": 4, ""est_request_tokens"": 3786, ""pressure_before_management"": false, ""pressure"": false, ""recovery"": false, ""reported_input_tokens"": 3840, ""action"": ""execute""}, {""step"": 11, ""stage"": 4, ""est_request_tokens"": 4301, ""pressure_before_management"": false, ""pressure"": false, ""recovery"": false, ""reported_input_tokens"": 4360, ""action"": ""final""}]"
20261004T113635-summary-coding-eval-2-5375,evaluation,0.266464,summary,coding-eval-2,completed,True,correct,True,invoice-checks/1,correct,True,invoice-checks/1,True,28,28,0,,,4,4,0,12,12,0,12,12,0,11,10,0,1,0,6,0,0,0,1,0,1,44401,4443,5300,0.266464,69.8,2026-10-04.1,d975c6f21735840d75f1f7fc3377c55c295fe52ce15c8ce1b53265a1f0383d25,4,4,8,3,[],[8],[],[],8,3,3,1,1,0,"[{""step"": 1, ""stage"": 1, ""est_request_tokens"": 1147, ""pressure_before_management"": false, ""pressure"": false, ""recovery"": false, ""reported_input_tokens"": 1509, ""action"": ""execute""}, {""step"": 2, ""stage"": 1, ""est_request_tokens"": 2134, ""pressure_before_management"": false, ""pressure"": false, ""recovery"": false, ""reported_input_tokens"": 2473, ""action"": ""execute""}, {""step"": 3, ""stage"": 1, ""est_request_tokens"": 3130, ""pressure_before_management"": false, ""pressure"": false, ""recovery"": false, ""reported_input_tokens"": 3460, ""action"": ""execute""}, {""step"": 4, ""stage"": 1, ""est_request_tokens"": 3718, ""pressure_before_management"": false, ""pressure"": false, ""recovery"": false, ""reported_input_tokens"": 3905, ""action"": ""advance""}, {""step"": 5, ""stage"": 2, ""est_request_tokens"": 4179, ""pressure_before_management"": false, ""pressure"": false, ""recovery"": false, ""reported_input_tokens"": 4290, ""action"": ""execute""}, {""step"": 6, ""stage"": 2, ""est_request_tokens"": 4750, ""pressure_before_management"": false, ""pressure"": false, ""recovery"": false, ""reported_input_tokens"": 4855, ""action"": ""advance""}, {""step"": 7, ""stage"": 3, ""est_request_tokens"": 5256, ""pressure_before_management"": false, ""pressure"": false, ""recovery"": false, ""reported_input_tokens"": 5300, ""action"": ""execute""}, {""step"": 8, ""stage"": 3, ""est_request_tokens"": 4107, ""pressure_before_management"": true, ""pressure"": false, ""recovery"": false, ""reported_input_tokens"": 4221, ""action"": ""advance""}, {""step"": 9, ""stage"": 4, ""est_request_tokens"": 4559, ""pressure_before_management"": false, ""pressure"": false, ""recovery"": false, ""reported_input_tokens"": 4600, ""action"": ""execute""}, {""step"": 10, ""stage"": 4, ""est_request_tokens"": 5094, ""pressure_before_management"": false, ""pressure"": false, ""recovery"": false, ""reported_input_tokens"": 5174, ""action"": ""final""}]"
20261004T113745-summary-coding-eval-3-643e,evaluation,0.409236,summary,coding-eval-3,completed,True,correct,True,invoice-checks/1,correct,True,invoice-checks/1,True,28,28,0,,,4,4,0,16,16,0,8,8,0,15,12,0,3,0,8,0,0,0,3,0,3,61774,8107,5358,0.409236,108.0,2026-10-04.1,f5b3498e4c4746789da21ad2660e381cdb23a4e010900150aaf576120f13f001,4,4,6,2,[],"[6, 10, 12]",[],[],6,2,7,4,2,0,"[{""step"": 1, ""stage"": 1, ""est_request_tokens"": 1147, ""pressure_before_management"": false, ""pressure"": false, ""recovery"": false, ""reported_input_tokens"": 1509, ""action"": ""execute""}, {""step"": 2, ""stage"": 1, ""est_request_tokens"": 2162, ""pressure_before_management"": false, ""pressure"": false, ""recovery"": false, ""reported_input_tokens"": 2516, ""action"": ""execute""}, {""step"": 3, ""stage"": 1, ""est_request_tokens"": 3302, ""pressure_before_management"": false, ""pressure"": false, ""recovery"": false, ""reported_input_tokens"": 3796, ""action"": ""execute""}, {""step"": 4, ""stage"": 1, ""est_request_tokens"": 4303, ""pressure_before_management"": false, ""pressure"": false, ""recovery"": false, ""reported_input_tokens"": 4665, ""action"": ""advance""}, {""step"": 5, ""stage"": 2, ""est_request_tokens"": 4975, ""pressure_before_management"": false, ""pressure"": false, ""recovery"": false, ""reported_input_tokens"": 5138, ""action"": ""execute""}, {""step"": 6, ""stage"": 2, ""est_request_tokens"": 3984, ""pressure_before_management"": true, ""pressure"": false, ""recovery"": false, ""reported_input_tokens"": 3949, ""action"": ""execute""}, {""step"": 7, ""stage"": 2, ""est_request_tokens"": 4359, ""pressure_before_management"": false, ""pressure"": false, ""recovery"": false, ""reported_input_tokens"": 4364, ""action"": ""advance""}, {""step"": 8, ""stage"": 3, ""est_request_tokens"": 4767, ""pressure_before_management"": false, ""pressure"": false, ""recovery"": false, ""reported_input_tokens"": 4745, ""action"": ""execute""}, {""step"": 9, ""stage"": 3, ""est_request_tokens"": 5323, ""pressure_before_management"": false, ""pressure"": false, ""recovery"": false, ""reported_input_tokens"": 5358, ""action"": ""advance""}, {""step"": 10, ""stage"": 4, ""est_request_tokens"": 4042, ""pressure_before_management"": true, ""pressure"": false, ""recovery"": false, ""reported_input_tokens"": 4020, ""action"": ""execute""}, {""step"": 11, ""stage"": 4, ""est_request_tokens"": 4908, ""pressure_before_management"": false, ""pressure"": false, ""recovery"": false, ""reported_input_tokens"": 5039, ""action"": ""execute""}, {""step"": 12, ""stage"": 4, ""est_request_tokens"": 3885, ""pressure_before_management"": true, ""pressure"": false, ""recovery"": false, ""reported_input_tokens"": 3811, ""action"": ""final""}]"
20261004T113933-clm-coding-eval-3-b1c2,evaluation,0.197992,clm,coding-eval-3,completed,True,correct,True,invoice-checks/1,correct,True,invoice-checks/1,True,28,28,0,,,4,4,0,16,16,0,8,8,0,10,10,0,0,0,6,3,3,0,0,0,0,32273,3445,4709,0.197992,58.4,2026-10-04.1,f5b3498e4c4746789da21ad2660e381cdb23a4e010900150aaf576120f13f001,4,4,,,"[3, 5, 7]",[],[],[],3,1,8,4,3,0,"[{""step"": 1, ""stage"": 1, ""est_request_tokens"": 1428, ""pressure_before_management"": false, ""pressure"": false, ""recovery"": false, ""reported_input_tokens"": 1802, ""action"": ""execute""}, {""step"": 2, ""stage"": 1, ""est_request_tokens"": 2618, ""pressure_before_management"": false, ""pressure"": false, ""recovery"": false, ""reported_input_tokens"": 3035, ""action"": ""execute""}, {""step"": 3, ""stage"": 1, ""est_request_tokens"": 2609, ""pressure_before_management"": false, ""pressure"": false, ""recovery"": false, ""reported_input_tokens"": 2914, ""action"": ""advance""}, {""step"": 4, ""stage"": 2, ""est_request_tokens"": 3216, ""pressure_before_management"": false, ""pressure"": false, ""recovery"": false, ""reported_input_tokens"": 3387, ""action"": ""execute""}, {""step"": 5, ""stage"": 2, ""est_request_tokens"": 2940, ""pressure_before_management"": false, ""pressure"": false, ""recovery"": false, ""reported_input_tokens"": 3061, ""action"": ""advance""}, {""step"": 6, ""stage"": 3, ""est_request_tokens"": 3389, ""pressure_before_management"": false, ""pressure"": false, ""recovery"": false, ""reported_input_tokens"": 3442, ""action"": ""execute""}, {""step"": 7, ""stage"": 3, ""est_request_tokens"": 2759, ""pressure_before_management"": false, ""pressure"": false, ""recovery"": false, ""reported_input_tokens"": 2765, ""action"": ""advance""}, {""step"": 8, ""stage"": 4, ""est_request_tokens"": 3214, ""pressure_before_management"": false, ""pressure"": false, ""recovery"": false, ""reported_input_tokens"": 3220, ""action"": ""execute""}, {""step"": 9, ""stage"": 4, ""est_request_tokens"": 3816, ""pressure_before_management"": false, ""pressure"": false, ""recovery"": false, ""reported_input_tokens"": 3938, ""action"": ""execute""}, {""step"": 10, ""stage"": 4, ""est_request_tokens"": 4575, ""pressure_before_management"": false, ""pressure"": false, ""recovery"": false, ""reported_input_tokens"": 4709, ""action"": ""final""}]"
20261004T114031-clm-coding-eval-4-76a3,evaluation,0.199448,clm,coding-eval-4,completed,True,correct,True,invoice-checks/1,correct,True,invoice-checks/1,True,28,28,0,,,4,4,0,16,16,0,8,8,0,10,10,0,0,0,6,2,2,0,0,0,0,34307,3111,4848,0.199448,53.1,2026-10-04.1,723966d3b0cee90813a8773fcd4382932adcc8108c7bcce64e55777abf7aa7ed,4,4,,,"[5, 7]",[],[],[],5,2,6,3,2,0,"[{""step"": 1, ""stage"": 1, ""est_request_tokens"": 1428, ""pressure_before_management"": false, ""pressure"": false, ""recovery"": false, ""reported_input_tokens"": 1802, ""action"": ""execute""}, {""step"": 2, ""stage"": 1, ""est_request_tokens"": 2605, ""pressure_before_management"": false, ""pressure"": false, ""recovery"": false, ""reported_input_tokens"": 3037, ""action"": ""execute""}, {""step"": 3, ""stage"": 1, ""est_request_tokens"": 3314, ""pressure_before_management"": false, ""pressure"": false, ""recovery"": false, ""reported_input_tokens"": 3681, ""action"": ""advance""}, {""step"": 4, ""stage"": 2, ""est_request_tokens"": 3844, ""pressure_before_management"": false, ""pressure"": false, ""recovery"": false, ""reported_input_tokens"": 4061, ""action"": ""execute""}, {""step"": 5, ""stage"": 2, ""est_request_tokens"": 2948, ""pressure_before_management"": false, ""pressure"": false, ""recovery"": false, ""reported_input_tokens"": 3023, ""action"": ""advance""}, {""step"": 6, ""stage"": 3, ""est_request_tokens"": 3422, ""pressure_before_management"": false, ""pressure"": false, ""recovery"": false, ""reported_input_tokens"": 3473, ""action"": ""execute""}, {""step"": 7, ""stage"": 3, ""est_request_tokens"": 2842, ""pressure_before_management"": false, ""pressure"": false, ""recovery"": false, ""reported_input_tokens"": 2857, ""action"": ""advance""}, {""step"": 8, ""stage"": 4, ""est_request_tokens"": 3391, ""pressure_before_management"": false, ""pressure"": false, ""recovery"": false, ""reported_input_tokens"": 3361, ""action"": ""execute""}, {""step"": 9, ""stage"": 4, ""est_request_tokens"": 4060, ""pressure_before_management"": false, ""pressure"": false, ""recovery"": false, ""reported_input_tokens"": 4164, ""action"": ""execute""}, {""step"": 10, ""stage"": 4, ""est_request_tokens"": 4693, ""pressure_before_management"": false, ""pressure"": false, ""recovery"": false, ""reported_input_tokens"": 4848, ""action"": ""final""}]"
20261004T114124-summary-coding-eval-4-ad31,evaluation,0.33358,summary,coding-eval-4,completed,True,correct,True,invoice-checks/1,correct,True,invoice-checks/1,True,28,28,0,,,4,4,0,16,16,0,8,8,0,13,11,0,2,0,7,0,0,0,2,0,2,52255,6228,5357,0.33358,86.7,2026-10-04.1,723966d3b0cee90813a8773fcd4382932adcc8108c7bcce64e55777abf7aa7ed,4,4,7,3,[],"[7, 10]",[],[],7,3,5,3,1,0,"[{""step"": 1, ""stage"": 1, ""est_request_tokens"": 1147, ""pressure_before_management"": false, ""pressure"": false, ""recovery"": false, ""reported_input_tokens"": 1509, ""action"": ""execute""}, {""step"": 2, ""stage"": 1, ""est_request_tokens"": 2349, ""pressure_before_management"": false, ""pressure"": false, ""recovery"": false, ""reported_input_tokens"": 2758, ""action"": ""execute""}, {""step"": 3, ""stage"": 1, ""est_request_tokens"": 3270, ""pressure_before_management"": false, ""pressure"": false, ""recovery"": false, ""reported_input_tokens"": 3634, ""action"": ""advance""}, {""step"": 4, ""stage"": 2, ""est_request_tokens"": 3806, ""pressure_before_management"": false, ""pressure"": false, ""recovery"": false, ""reported_input_tokens"": 4014, ""action"": ""execute""}, {""step"": 5, ""stage"": 2, ""est_request_tokens"": 4621, ""pressure_before_management"": false, ""pressure"": false, ""recovery"": false, ""reported_input_tokens"": 4773, ""action"": ""advance""}, {""step"": 6, ""stage"": 3, ""est_request_tokens"": 5160, ""pressure_before_management"": false, ""pressure"": false, ""recovery"": false, ""reported_input_tokens"": 5239, ""action"": ""execute""}, {""step"": 7, ""stage"": 3, ""est_request_tokens"": 3837, ""pressure_before_management"": true, ""pressure"": false, ""recovery"": false, ""reported_input_tokens"": 3822, ""action"": ""advance""}, {""step"": 8, ""stage"": 4, ""est_request_tokens"": 4399, ""pressure_before_management"": false, ""pressure"": false, ""recovery"": false, ""reported_input_tokens"": 4342, ""action"": ""execute""}, {""step"": 9, ""stage"": 4, ""est_request_tokens"": 5314, ""pressure_before_management"": false, ""pressure"": false, ""recovery"": false, ""reported_input_tokens"": 5357, ""action"": ""execute""}, {""step"": 10, ""stage"": 4, ""est_request_tokens"": 3750, ""pressure_before_management"": true, ""pressure"": false, ""recovery"": false, ""reported_input_tokens"": 3832, ""action"": ""execute""}, {""step"": 11, ""stage"": 4, ""est_request_tokens"": 4217, ""pressure_before_management"": false, ""pressure"": false, ""recovery"": false, ""reported_input_tokens"": 4308, ""action"": ""final""}]"
