run_id,role,ledger_charged_usd,mode,task,status,valid_for_comparison,outcome_recorded,strict_recorded,scorer_recorded,outcome_current,strict_current,scorer_current,cause_ok,remedy_ok,value_status,evidence_groups,provider_calls,action_calls,repair_calls,summary_calls,api_retries,executions,edit_attempts,edits_accepted_changed,edits_rejected,summaries_applied,recovery_requests,pressure_steps,input_tokens,output_tokens,peak_request_input_tokens,cost_usd,elapsed_s,prompt_version,fixture_sha256,mgmt_stages_total,mgmt_stages_released,mgmt_first_pressure_step,mgmt_first_pressure_stage,mgmt_edit_effective_steps,mgmt_summary_steps,mgmt_spill_steps,mgmt_recovery_steps,mgmt_first_management_step,mgmt_first_management_stage,mgmt_action_steps_after_first_management,mgmt_executions_after_first_management,mgmt_advances_after_first_management,mgmt_premature_finals,mgmt_timeline
20261004T080421-summary-staged-dev-1-3ddb,calibration,0.38234,summary,staged-dev-1,completed,True,correct,True,score/2,correct,True,score/2,True,True,exact,"{""cause"": true, ""value"": true, ""origin"": true}",12,8,0,4,0,5,0,0,0,4,0,4,57100,7697,6335,0.38234,103.5,2026-10-04.1,50d39adc7d3b3c506ce45c7a610d8a8d631670dbc5d87a0c3243f445f734aa50,3,3,4,2,[],"[4, 5, 6, 7]",[],[],4,2,5,3,1,0,"[{""step"": 1, ""stage"": 1, ""est_request_tokens"": 1638, ""pressure_before_management"": false, ""pressure"": false, ""recovery"": false, ""reported_input_tokens"": 2312, ""action"": ""execute""}, {""step"": 2, ""stage"": 1, ""est_request_tokens"": 4590, ""pressure_before_management"": false, ""pressure"": false, ""recovery"": false, ""reported_input_tokens"": 5793, ""action"": ""execute""}, {""step"": 3, ""stage"": 1, ""est_request_tokens"": 5585, ""pressure_before_management"": false, ""pressure"": false, ""recovery"": false, ""reported_input_tokens"": 6335, ""action"": ""advance""}, {""step"": 4, ""stage"": 2, ""est_request_tokens"": 4486, ""pressure_before_management"": true, ""pressure"": false, ""recovery"": false, ""reported_input_tokens"": 4577, ""action"": ""execute""}, {""step"": 5, ""stage"": 2, ""est_request_tokens"": 5308, ""pressure_before_management"": true, ""pressure"": false, ""recovery"": false, ""reported_input_tokens"": 5477, ""action"": ""execute""}, {""step"": 6, ""stage"": 2, ""est_request_tokens"": 5750, ""pressure_before_management"": true, ""pressure"": true, ""recovery"": false, ""reported_input_tokens"": 5876, ""action"": ""advance""}, {""step"": 7, ""stage"": 3, ""est_request_tokens"": 4919, ""pressure_before_management"": true, ""pressure"": false, ""recovery"": false, ""reported_input_tokens"": 4962, ""action"": ""execute""}, {""step"": 8, ""stage"": 3, ""est_request_tokens"": 5549, ""pressure_before_management"": false, ""pressure"": false, ""recovery"": false, ""reported_input_tokens"": 5659, ""action"": ""final""}]"
20261004T080624-clm-staged-dev-2-c8e9,calibration,0.198176,clm,staged-dev-2,completed,True,correct,True,score/2,correct,True,score/2,True,True,exact,"{""cause"": true, ""value"": true, ""origin"": true}",9,9,0,0,0,6,2,2,0,0,0,0,39164,2076,5406,0.198176,48.0,2026-10-04.1,0670cd6ea5b2a89caf36af9633b9a8a9b93efd7656141e3881015c70b298399b,3,3,,,"[5, 6]",[],[],[],5,2,5,3,1,0,"[{""step"": 1, ""stage"": 1, ""est_request_tokens"": 1991, ""pressure_before_management"": false, ""pressure"": false, ""recovery"": false, ""reported_input_tokens"": 2673, ""action"": ""execute""}, {""step"": 2, ""stage"": 1, ""est_request_tokens"": 3731, ""pressure_before_management"": false, ""pressure"": false, ""recovery"": false, ""reported_input_tokens"": 4564, ""action"": ""execute""}, {""step"": 3, ""stage"": 1, ""est_request_tokens"": 4397, ""pressure_before_management"": false, ""pressure"": false, ""recovery"": false, ""reported_input_tokens"": 4932, ""action"": ""advance""}, {""step"": 4, ""stage"": 2, ""est_request_tokens"": 4929, ""pressure_before_management"": false, ""pressure"": false, ""recovery"": false, ""reported_input_tokens"": 5257, ""action"": ""execute""}, {""step"": 5, ""stage"": 2, ""est_request_tokens"": 4125, ""pressure_before_management"": false, ""pressure"": false, ""recovery"": false, ""reported_input_tokens"": 4217, ""action"": ""execute""}, {""step"": 6, ""stage"": 2, ""est_request_tokens"": 3404, ""pressure_before_management"": false, ""pressure"": false, ""recovery"": false, ""reported_input_tokens"": 3395, ""action"": ""advance""}, {""step"": 7, ""stage"": 3, ""est_request_tokens"": 3672, ""pressure_before_management"": false, ""pressure"": false, ""recovery"": false, ""reported_input_tokens"": 3690, ""action"": ""execute""}, {""step"": 8, ""stage"": 3, ""est_request_tokens"": 4808, ""pressure_before_management"": false, ""pressure"": false, ""recovery"": false, ""reported_input_tokens"": 5030, ""action"": ""execute""}, {""step"": 9, ""stage"": 3, ""est_request_tokens"": 5259, ""pressure_before_management"": false, ""pressure"": false, ""recovery"": false, ""reported_input_tokens"": 5406, ""action"": ""final""}]"
20261004T080858-summary-staged-eval-1-b6df,evaluation,0.43394,summary,staged-eval-1,completed,True,correct,True,score/2,correct,True,score/2,True,True,exact,"{""cause"": true, ""value"": true, ""origin"": true}",13,8,0,5,0,5,0,0,0,5,0,6,61550,9387,6625,0.43394,118.4,2026-10-04.1,ab7820ed9e79ff0853abbdc834a4ffdba5d16ccb1e1f642e93c93ca693e3ca74,3,3,3,1,[],"[4, 5, 6, 7, 8]",[],[],4,2,5,3,1,0,"[{""step"": 1, ""stage"": 1, ""est_request_tokens"": 1637, ""pressure_before_management"": false, ""pressure"": false, ""recovery"": false, ""reported_input_tokens"": 2312, ""action"": ""execute""}, {""step"": 2, ""stage"": 1, ""est_request_tokens"": 4590, ""pressure_before_management"": false, ""pressure"": false, ""recovery"": false, ""reported_input_tokens"": 5867, ""action"": ""execute""}, {""step"": 3, ""stage"": 1, ""est_request_tokens"": 5794, ""pressure_before_management"": true, ""pressure"": true, ""recovery"": false, ""reported_input_tokens"": 6625, ""action"": ""advance""}, {""step"": 4, ""stage"": 2, ""est_request_tokens"": 4707, ""pressure_before_management"": true, ""pressure"": false, ""recovery"": false, ""reported_input_tokens"": 4774, ""action"": ""execute""}, {""step"": 5, ""stage"": 2, ""est_request_tokens"": 5508, ""pressure_before_management"": true, ""pressure"": false, ""recovery"": false, ""reported_input_tokens"": 5684, ""action"": ""execute""}, {""step"": 6, ""stage"": 2, ""est_request_tokens"": 5668, ""pressure_before_management"": true, ""pressure"": true, ""recovery"": false, ""reported_input_tokens"": 5785, ""action"": ""advance""}, {""step"": 7, ""stage"": 3, ""est_request_tokens"": 4689, ""pressure_before_management"": true, ""pressure"": false, ""recovery"": false, ""reported_input_tokens"": 4739, ""action"": ""execute""}, {""step"": 8, ""stage"": 3, ""est_request_tokens"": 5520, ""pressure_before_management"": true, ""pressure"": false, ""recovery"": false, ""reported_input_tokens"": 5630, ""action"": ""final""}]"
20261004T081056-clm-staged-eval-1-ed3b,evaluation,0.247396,clm,staged-eval-1,completed,True,correct,True,score/2,correct,True,score/2,True,True,exact,"{""cause"": true, ""value"": true, ""origin"": true}",11,11,0,0,0,8,6,6,0,0,0,0,46489,3072,6017,0.247396,63.0,2026-10-04.1,ab7820ed9e79ff0853abbdc834a4ffdba5d16ccb1e1f642e93c93ca693e3ca74,3,3,,,"[3, 4, 6, 7, 8, 9]",[],[],[],3,1,9,6,2,0,"[{""step"": 1, ""stage"": 1, ""est_request_tokens"": 1992, ""pressure_before_management"": false, ""pressure"": false, ""recovery"": false, ""reported_input_tokens"": 2674, ""action"": ""execute""}, {""step"": 2, ""stage"": 1, ""est_request_tokens"": 4900, ""pressure_before_management"": false, ""pressure"": false, ""recovery"": false, ""reported_input_tokens"": 6017, ""action"": ""execute""}, {""step"": 3, ""stage"": 1, ""est_request_tokens"": 3601, ""pressure_before_management"": false, ""pressure"": false, ""recovery"": false, ""reported_input_tokens"": 4017, ""action"": ""execute""}, {""step"": 4, ""stage"": 1, ""est_request_tokens"": 3714, ""pressure_before_management"": false, ""pressure"": false, ""recovery"": false, ""reported_input_tokens"": 3927, ""action"": ""advance""}, {""step"": 5, ""stage"": 2, ""est_request_tokens"": 4107, ""pressure_before_management"": false, ""pressure"": false, ""recovery"": false, ""reported_input_tokens"": 4251, ""action"": ""execute""}, {""step"": 6, ""stage"": 2, ""est_request_tokens"": 4373, ""pressure_before_management"": false, ""pressure"": false, ""recovery"": false, ""reported_input_tokens"": 4433, ""action"": ""execute""}, {""step"": 7, ""stage"": 2, ""est_request_tokens"": 3696, ""pressure_before_management"": false, ""pressure"": false, ""recovery"": false, ""reported_input_tokens"": 3652, ""action"": ""execute""}, {""step"": 8, ""stage"": 2, ""est_request_tokens"": 4121, ""pressure_before_management"": false, ""pressure"": false, ""recovery"": false, ""reported_input_tokens"": 4164, ""action"": ""execute""}, {""step"": 9, ""stage"": 2, ""est_request_tokens"": 3837, ""pressure_before_management"": false, ""pressure"": false, ""recovery"": false, ""reported_input_tokens"": 3858, ""action"": ""advance""}, {""step"": 10, ""stage"": 3, ""est_request_tokens"": 4124, ""pressure_before_management"": false, ""pressure"": false, ""recovery"": false, ""reported_input_tokens"": 4153, ""action"": ""execute""}, {""step"": 11, ""stage"": 3, ""est_request_tokens"": 5213, ""pressure_before_management"": false, ""pressure"": false, ""recovery"": false, ""reported_input_tokens"": 5343, ""action"": ""final""}]"
20261004T081159-clm-staged-eval-2-7d9a,evaluation,0.222856,clm,staged-eval-2,completed,True,correct,True,score/2,correct,True,score/2,True,True,exact,"{""cause"": true, ""value"": true, ""origin"": true}",10,10,0,0,0,7,3,3,0,0,0,0,42949,2553,6054,0.222856,49.9,2026-10-04.1,e8b4d8118bd9e85d2d6bae6fee81a24e93bdfc6a409cdb20c4c29e8c3e9192c3,3,3,,,"[3, 4, 7]",[],[],[],3,1,8,5,2,0,"[{""step"": 1, ""stage"": 1, ""est_request_tokens"": 1992, ""pressure_before_management"": false, ""pressure"": false, ""recovery"": false, ""reported_input_tokens"": 2671, ""action"": ""execute""}, {""step"": 2, ""stage"": 1, ""est_request_tokens"": 4930, ""pressure_before_management"": false, ""pressure"": false, ""recovery"": false, ""reported_input_tokens"": 6054, ""action"": ""execute""}, {""step"": 3, ""stage"": 1, ""est_request_tokens"": 3691, ""pressure_before_management"": false, ""pressure"": false, ""recovery"": false, ""reported_input_tokens"": 3999, ""action"": ""execute""}, {""step"": 4, ""stage"": 1, ""est_request_tokens"": 3541, ""pressure_before_management"": false, ""pressure"": false, ""recovery"": false, ""reported_input_tokens"": 3701, ""action"": ""advance""}, {""step"": 5, ""stage"": 2, ""est_request_tokens"": 3904, ""pressure_before_management"": false, ""pressure"": false, ""recovery"": false, ""reported_input_tokens"": 4022, ""action"": ""execute""}, {""step"": 6, ""stage"": 2, ""est_request_tokens"": 5124, ""pressure_before_management"": false, ""pressure"": false, ""recovery"": false, ""reported_input_tokens"": 5288, ""action"": ""execute""}, {""step"": 7, ""stage"": 2, ""est_request_tokens"": 3583, ""pressure_before_management"": false, ""pressure"": false, ""recovery"": false, ""reported_input_tokens"": 3570, ""action"": ""advance""}, {""step"": 8, ""stage"": 3, ""est_request_tokens"": 3849, ""pressure_before_management"": false, ""pressure"": false, ""recovery"": false, ""reported_input_tokens"": 3863, ""action"": ""execute""}, {""step"": 9, ""stage"": 3, ""est_request_tokens"": 4641, ""pressure_before_management"": false, ""pressure"": false, ""recovery"": false, ""reported_input_tokens"": 4758, ""action"": ""execute""}, {""step"": 10, ""stage"": 3, ""est_request_tokens"": 4947, ""pressure_before_management"": false, ""pressure"": false, ""recovery"": false, ""reported_input_tokens"": 5023, ""action"": ""final""}]"
20261004T081249-summary-staged-eval-2-4cdf,evaluation,0.469696,summary,staged-eval-2,completed,True,correct,True,score/2,correct,True,score/2,True,True,exact,"{""cause"": true, ""value"": true, ""origin"": true}",15,11,0,4,0,8,0,0,0,4,0,5,74259,8633,6452,0.469696,121.8,2026-10-04.1,e8b4d8118bd9e85d2d6bae6fee81a24e93bdfc6a409cdb20c4c29e8c3e9192c3,3,3,3,1,[],"[4, 5, 7, 9]",[],[],4,1,8,5,2,0,"[{""step"": 1, ""stage"": 1, ""est_request_tokens"": 1638, ""pressure_before_management"": false, ""pressure"": false, ""recovery"": false, ""reported_input_tokens"": 2309, ""action"": ""execute""}, {""step"": 2, ""stage"": 1, ""est_request_tokens"": 4587, ""pressure_before_management"": false, ""pressure"": false, ""recovery"": false, ""reported_input_tokens"": 5676, ""action"": ""execute""}, {""step"": 3, ""stage"": 1, ""est_request_tokens"": 5745, ""pressure_before_management"": true, ""pressure"": true, ""recovery"": false, ""reported_input_tokens"": 6452, ""action"": ""execute""}, {""step"": 4, ""stage"": 1, ""est_request_tokens"": 4860, ""pressure_before_management"": true, ""pressure"": false, ""recovery"": false, ""reported_input_tokens"": 5069, ""action"": ""execute""}, {""step"": 5, ""stage"": 1, ""est_request_tokens"": 5164, ""pressure_before_management"": true, ""pressure"": false, ""recovery"": false, ""reported_input_tokens"": 5291, ""action"": ""advance""}, {""step"": 6, ""stage"": 2, ""est_request_tokens"": 5527, ""pressure_before_management"": false, ""pressure"": false, ""recovery"": false, ""reported_input_tokens"": 5612, ""action"": ""execute""}, {""step"": 7, ""stage"": 2, ""est_request_tokens"": 5231, ""pressure_before_management"": true, ""pressure"": false, ""recovery"": false, ""reported_input_tokens"": 5258, ""action"": ""execute""}, {""step"": 8, ""stage"": 2, ""est_request_tokens"": 5572, ""pressure_before_management"": false, ""pressure"": false, ""recovery"": false, ""reported_input_tokens"": 5597, ""action"": ""advance""}, {""step"": 9, ""stage"": 3, ""est_request_tokens"": 4581, ""pressure_before_management"": true, ""pressure"": false, ""recovery"": false, ""reported_input_tokens"": 4632, ""action"": ""execute""}, {""step"": 10, ""stage"": 3, ""est_request_tokens"": 5225, ""pressure_before_management"": false, ""pressure"": false, ""recovery"": false, ""reported_input_tokens"": 5301, ""action"": ""execute""}, {""step"": 11, ""stage"": 3, ""est_request_tokens"": 5540, ""pressure_before_management"": false, ""pressure"": false, ""recovery"": false, ""reported_input_tokens"": 5604, ""action"": ""final""}]"
20261004T081451-summary-staged-eval-3-2e45,evaluation,0.256104,summary,staged-eval-3,completed,True,correct,True,score/2,correct,True,score/2,True,True,exact,"{""cause"": true, ""value"": true, ""origin"": true}",9,7,0,2,0,4,0,0,0,2,0,2,42701,4265,5885,0.256104,65.3,2026-10-04.1,3d2df6292b448745ec481b7a42d65fb6192a3a4a6739b6bf60f8b15de4abc650,3,3,5,2,[],"[5, 7]",[],[],5,2,3,1,1,0,"[{""step"": 1, ""stage"": 1, ""est_request_tokens"": 1637, ""pressure_before_management"": false, ""pressure"": false, ""recovery"": false, ""reported_input_tokens"": 2311, ""action"": ""execute""}, {""step"": 2, ""stage"": 1, ""est_request_tokens"": 3403, ""pressure_before_management"": false, ""pressure"": false, ""recovery"": false, ""reported_input_tokens"": 4189, ""action"": ""execute""}, {""step"": 3, ""stage"": 1, ""est_request_tokens"": 4864, ""pressure_before_management"": false, ""pressure"": false, ""recovery"": false, ""reported_input_tokens"": 5560, ""action"": ""advance""}, {""step"": 4, ""stage"": 2, ""est_request_tokens"": 5478, ""pressure_before_management"": false, ""pressure"": false, ""recovery"": false, ""reported_input_tokens"": 5885, ""action"": ""execute""}, {""step"": 5, ""stage"": 2, ""est_request_tokens"": 5044, ""pressure_before_management"": true, ""pressure"": false, ""recovery"": false, ""reported_input_tokens"": 5133, ""action"": ""advance""}, {""step"": 6, ""stage"": 3, ""est_request_tokens"": 5401, ""pressure_before_management"": false, ""pressure"": false, ""recovery"": false, ""reported_input_tokens"": 5460, ""action"": ""execute""}, {""step"": 7, ""stage"": 3, ""est_request_tokens"": 5050, ""pressure_before_management"": true, ""pressure"": false, ""recovery"": false, ""reported_input_tokens"": 5140, ""action"": ""final""}]"
20261004T081556-clm-staged-eval-3-ed5a,evaluation,0.20492,clm,staged-eval-3,completed,True,correct,True,score/2,correct,True,score/2,True,True,exact,"{""cause"": true, ""value"": true, ""origin"": true}",9,9,0,0,0,6,2,2,0,0,0,0,39570,2332,5859,0.20492,49.3,2026-10-04.1,3d2df6292b448745ec481b7a42d65fb6192a3a4a6739b6bf60f8b15de4abc650,3,3,,,"[4, 7]",[],[],[],4,1,6,3,2,0,"[{""step"": 1, ""stage"": 1, ""est_request_tokens"": 1991, ""pressure_before_management"": false, ""pressure"": false, ""recovery"": false, ""reported_input_tokens"": 2673, ""action"": ""execute""}, {""step"": 2, ""stage"": 1, ""est_request_tokens"": 4197, ""pressure_before_management"": false, ""pressure"": false, ""recovery"": false, ""reported_input_tokens"": 5198, ""action"": ""execute""}, {""step"": 3, ""stage"": 1, ""est_request_tokens"": 5166, ""pressure_before_management"": false, ""pressure"": false, ""recovery"": false, ""reported_input_tokens"": 5859, ""action"": ""execute""}, {""step"": 4, ""stage"": 1, ""est_request_tokens"": 3580, ""pressure_before_management"": false, ""pressure"": false, ""recovery"": false, ""reported_input_tokens"": 3722, ""action"": ""advance""}, {""step"": 5, ""stage"": 2, ""est_request_tokens"": 3938, ""pressure_before_management"": false, ""pressure"": false, ""recovery"": false, ""reported_input_tokens"": 4047, ""action"": ""execute""}, {""step"": 6, ""stage"": 2, ""est_request_tokens"": 5143, ""pressure_before_management"": false, ""pressure"": false, ""recovery"": false, ""reported_input_tokens"": 5332, ""action"": ""execute""}, {""step"": 7, ""stage"": 2, ""est_request_tokens"": 3801, ""pressure_before_management"": false, ""pressure"": false, ""recovery"": false, ""reported_input_tokens"": 3744, ""action"": ""advance""}, {""step"": 8, ""stage"": 3, ""est_request_tokens"": 4048, ""pressure_before_management"": false, ""pressure"": false, ""recovery"": false, ""reported_input_tokens"": 4039, ""action"": ""execute""}, {""step"": 9, ""stage"": 3, ""est_request_tokens"": 4825, ""pressure_before_management"": false, ""pressure"": false, ""recovery"": false, ""reported_input_tokens"": 4956, ""action"": ""final""}]"
20261004T081645-clm-staged-eval-1-c471,evaluation,0.231432,clm,staged-eval-1,completed,True,correct,True,score/2,correct,True,score/2,True,True,exact,"{""cause"": true, ""value"": true, ""origin"": true}",10,10,0,0,0,7,2,2,0,0,0,1,45073,2557,6237,0.231432,54.7,2026-10-04.1,ab7820ed9e79ff0853abbdc834a4ffdba5d16ccb1e1f642e93c93ca693e3ca74,3,3,4,1,"[5, 8]",[],[],[],5,1,6,3,2,0,"[{""step"": 1, ""stage"": 1, ""est_request_tokens"": 1992, ""pressure_before_management"": false, ""pressure"": false, ""recovery"": false, ""reported_input_tokens"": 2674, ""action"": ""execute""}, {""step"": 2, ""stage"": 1, ""est_request_tokens"": 3705, ""pressure_before_management"": false, ""pressure"": false, ""recovery"": false, ""reported_input_tokens"": 4530, ""action"": ""execute""}, {""step"": 3, ""stage"": 1, ""est_request_tokens"": 4987, ""pressure_before_management"": false, ""pressure"": false, ""recovery"": false, ""reported_input_tokens"": 5662, ""action"": ""execute""}, {""step"": 4, ""stage"": 1, ""est_request_tokens"": 5789, ""pressure_before_management"": true, ""pressure"": true, ""recovery"": false, ""reported_input_tokens"": 6237, ""action"": ""execute""}, {""step"": 5, ""stage"": 1, ""est_request_tokens"": 3530, ""pressure_before_management"": false, ""pressure"": false, ""recovery"": false, ""reported_input_tokens"": 3506, ""action"": ""advance""}, {""step"": 6, ""stage"": 2, ""est_request_tokens"": 3811, ""pressure_before_management"": false, ""pressure"": false, ""recovery"": false, ""reported_input_tokens"": 3830, ""action"": ""execute""}, {""step"": 7, ""stage"": 2, ""est_request_tokens"": 5533, ""pressure_before_management"": false, ""pressure"": false, ""recovery"": false, ""reported_input_tokens"": 5781, ""action"": ""execute""}, {""step"": 8, ""stage"": 2, ""est_request_tokens"": 3864, ""pressure_before_management"": false, ""pressure"": false, ""recovery"": false, ""reported_input_tokens"": 3789, ""action"": ""advance""}, {""step"": 9, ""stage"": 3, ""est_request_tokens"": 4103, ""pressure_before_management"": false, ""pressure"": false, ""recovery"": false, ""reported_input_tokens"": 4084, ""action"": ""execute""}, {""step"": 10, ""stage"": 3, ""est_request_tokens"": 4856, ""pressure_before_management"": false, ""pressure"": false, ""recovery"": false, ""reported_input_tokens"": 4980, ""action"": ""final""}]"
20261004T081740-summary-staged-eval-1-3056,evaluation,0.344028,summary,staged-eval-1,context_overflow,True,no_answer,False,score/2,no_answer,False,score/2,False,False,missing,{},11,6,0,5,0,5,0,0,0,2,0,3,46642,7873,7280,0.344028,97.5,2026-10-04.1,ab7820ed9e79ff0853abbdc834a4ffdba5d16ccb1e1f642e93c93ca693e3ca74,3,2,5,2,[],"[5, 6]",[],[],5,2,2,2,0,0,"[{""step"": 1, ""stage"": 1, ""est_request_tokens"": 1637, ""pressure_before_management"": false, ""pressure"": false, ""recovery"": false, ""reported_input_tokens"": 2312, ""action"": ""execute""}, {""step"": 2, ""stage"": 1, ""est_request_tokens"": 3432, ""pressure_before_management"": false, ""pressure"": false, ""recovery"": false, ""reported_input_tokens"": 4263, ""action"": ""execute""}, {""step"": 3, ""stage"": 1, ""est_request_tokens"": 4306, ""pressure_before_management"": false, ""pressure"": false, ""recovery"": false, ""reported_input_tokens"": 4854, ""action"": ""execute""}, {""step"": 4, ""stage"": 1, ""est_request_tokens"": 5302, ""pressure_before_management"": false, ""pressure"": false, ""recovery"": false, ""reported_input_tokens"": 5735, ""action"": ""advance""}, {""step"": 5, ""stage"": 2, ""est_request_tokens"": 4899, ""pressure_before_management"": true, ""pressure"": false, ""recovery"": false, ""reported_input_tokens"": 4957, ""action"": ""execute""}, {""step"": 6, ""stage"": 2, ""est_request_tokens"": 6995, ""pressure_before_management"": true, ""pressure"": true, ""recovery"": false, ""reported_input_tokens"": 7280, ""action"": ""execute""}]"
20261004T081918-summary-staged-eval-2-49ce,evaluation,0.350032,summary,staged-eval-2,completed,True,unsupported,False,score/2,unsupported,False,score/2,True,True,exact,"{""cause"": false, ""value"": true, ""origin"": true}",11,7,0,4,0,4,0,0,0,4,0,4,50723,7357,6215,0.350032,94.8,2026-10-04.1,e8b4d8118bd9e85d2d6bae6fee81a24e93bdfc6a409cdb20c4c29e8c3e9192c3,3,3,4,2,[],"[4, 5, 6, 7]",[],[],4,2,4,2,1,0,"[{""step"": 1, ""stage"": 1, ""est_request_tokens"": 1638, ""pressure_before_management"": false, ""pressure"": false, ""recovery"": false, ""reported_input_tokens"": 2309, ""action"": ""execute""}, {""step"": 2, ""stage"": 1, ""est_request_tokens"": 4587, ""pressure_before_management"": false, ""pressure"": false, ""recovery"": false, ""reported_input_tokens"": 5674, ""action"": ""execute""}, {""step"": 3, ""stage"": 1, ""est_request_tokens"": 5539, ""pressure_before_management"": false, ""pressure"": false, ""recovery"": false, ""reported_input_tokens"": 6215, ""action"": ""advance""}, {""step"": 4, ""stage"": 2, ""est_request_tokens"": 4387, ""pressure_before_management"": true, ""pressure"": false, ""recovery"": false, ""reported_input_tokens"": 4484, ""action"": ""execute""}, {""step"": 5, ""stage"": 2, ""est_request_tokens"": 5301, ""pressure_before_management"": true, ""pressure"": false, ""recovery"": false, ""reported_input_tokens"": 5432, ""action"": ""advance""}, {""step"": 6, ""stage"": 3, ""est_request_tokens"": 5467, ""pressure_before_management"": true, ""pressure"": false, ""recovery"": false, ""reported_input_tokens"": 5559, ""action"": ""execute""}, {""step"": 7, ""stage"": 3, ""est_request_tokens"": 5074, ""pressure_before_management"": true, ""pressure"": false, ""recovery"": false, ""reported_input_tokens"": 5190, ""action"": ""final""}]"
20261004T082052-clm-staged-eval-2-92e6,evaluation,0.195916,clm,staged-eval-2,completed,True,correct,True,score/2,correct,True,score/2,True,True,exact,"{""cause"": true, ""value"": true, ""origin"": true}",9,9,0,0,0,6,3,3,0,0,0,0,36469,2502,5631,0.195916,51.2,2026-10-04.1,e8b4d8118bd9e85d2d6bae6fee81a24e93bdfc6a409cdb20c4c29e8c3e9192c3,3,3,,,"[3, 4, 7]",[],[],[],3,1,7,4,2,0,"[{""step"": 1, ""stage"": 1, ""est_request_tokens"": 1992, ""pressure_before_management"": false, ""pressure"": false, ""recovery"": false, ""reported_input_tokens"": 2671, ""action"": ""execute""}, {""step"": 2, ""stage"": 1, ""est_request_tokens"": 4582, ""pressure_before_management"": false, ""pressure"": false, ""recovery"": false, ""reported_input_tokens"": 5631, ""action"": ""execute""}, {""step"": 3, ""stage"": 1, ""est_request_tokens"": 3288, ""pressure_before_management"": false, ""pressure"": false, ""recovery"": false, ""reported_input_tokens"": 3594, ""action"": ""execute""}, {""step"": 4, ""stage"": 1, ""est_request_tokens"": 3423, ""pressure_before_management"": false, ""pressure"": false, ""recovery"": false, ""reported_input_tokens"": 3568, ""action"": ""advance""}, {""step"": 5, ""stage"": 2, ""est_request_tokens"": 3780, ""pressure_before_management"": false, ""pressure"": false, ""recovery"": false, ""reported_input_tokens"": 3889, ""action"": ""execute""}, {""step"": 6, ""stage"": 2, ""est_request_tokens"": 4629, ""pressure_before_management"": false, ""pressure"": false, ""recovery"": false, ""reported_input_tokens"": 4761, ""action"": ""execute""}, {""step"": 7, ""stage"": 2, ""est_request_tokens"": 3633, ""pressure_before_management"": false, ""pressure"": false, ""recovery"": false, ""reported_input_tokens"": 3635, ""action"": ""advance""}, {""step"": 8, ""stage"": 3, ""est_request_tokens"": 3907, ""pressure_before_management"": false, ""pressure"": false, ""recovery"": false, ""reported_input_tokens"": 3928, ""action"": ""execute""}, {""step"": 9, ""stage"": 3, ""est_request_tokens"": 4682, ""pressure_before_management"": false, ""pressure"": false, ""recovery"": false, ""reported_input_tokens"": 4792, ""action"": ""final""}]"
20261004T082144-clm-staged-eval-3-605b,evaluation,0.283832,clm,staged-eval-3,completed,True,correct,True,score/2,correct,True,score/2,True,True,exact,"{""cause"": true, ""value"": true, ""origin"": true}",12,12,0,0,0,9,4,4,0,0,0,1,53808,3430,6230,0.283832,69.5,2026-10-04.1,3d2df6292b448745ec481b7a42d65fb6192a3a4a6739b6bf60f8b15de4abc650,3,3,8,2,"[3, 4, 5, 9]",[],[],[],3,1,10,7,2,0,"[{""step"": 1, ""stage"": 1, ""est_request_tokens"": 1991, ""pressure_before_management"": false, ""pressure"": false, ""recovery"": false, ""reported_input_tokens"": 2673, ""action"": ""execute""}, {""step"": 2, ""stage"": 1, ""est_request_tokens"": 4893, ""pressure_before_management"": false, ""pressure"": false, ""recovery"": false, ""reported_input_tokens"": 6230, ""action"": ""execute""}, {""step"": 3, ""stage"": 1, ""est_request_tokens"": 3993, ""pressure_before_management"": false, ""pressure"": false, ""recovery"": false, ""reported_input_tokens"": 4429, ""action"": ""execute""}, {""step"": 4, ""stage"": 1, ""est_request_tokens"": 3523, ""pressure_before_management"": false, ""pressure"": false, ""recovery"": false, ""reported_input_tokens"": 3659, ""action"": ""execute""}, {""step"": 5, ""stage"": 1, ""est_request_tokens"": 3751, ""pressure_before_management"": false, ""pressure"": false, ""recovery"": false, ""reported_input_tokens"": 3805, ""action"": ""advance""}, {""step"": 6, ""stage"": 2, ""est_request_tokens"": 4069, ""pressure_before_management"": false, ""pressure"": false, ""recovery"": false, ""reported_input_tokens"": 4130, ""action"": ""execute""}, {""step"": 7, ""stage"": 2, ""est_request_tokens"": 5197, ""pressure_before_management"": false, ""pressure"": false, ""recovery"": false, ""reported_input_tokens"": 5332, ""action"": ""execute""}, {""step"": 8, ""stage"": 2, ""est_request_tokens"": 6148, ""pressure_before_management"": true, ""pressure"": true, ""recovery"": false, ""reported_input_tokens"": 6123, ""action"": ""execute""}, {""step"": 9, ""stage"": 2, ""est_request_tokens"": 3544, ""pressure_before_management"": false, ""pressure"": false, ""recovery"": false, ""reported_input_tokens"": 3479, ""action"": ""advance""}, {""step"": 10, ""stage"": 3, ""est_request_tokens"": 3785, ""pressure_before_management"": false, ""pressure"": false, ""recovery"": false, ""reported_input_tokens"": 3774, ""action"": ""execute""}, {""step"": 11, ""stage"": 3, ""est_request_tokens"": 4743, ""pressure_before_management"": false, ""pressure"": false, ""recovery"": false, ""reported_input_tokens"": 4902, ""action"": ""execute""}, {""step"": 12, ""stage"": 3, ""est_request_tokens"": 5156, ""pressure_before_management"": false, ""pressure"": false, ""recovery"": false, ""reported_input_tokens"": 5272, ""action"": ""final""}]"
20261004T082253-summary-staged-eval-3-6f45,evaluation,0.375448,summary,staged-eval-3,completed,True,correct,True,score/2,correct,True,score/2,True,True,exact,"{""cause"": true, ""value"": true, ""origin"": true}",13,10,0,3,0,7,0,0,0,3,0,3,60127,6747,5618,0.375448,97.5,2026-10-04.1,3d2df6292b448745ec481b7a42d65fb6192a3a4a6739b6bf60f8b15de4abc650,3,3,5,1,[],"[5, 7, 9]",[],[],5,1,6,3,2,0,"[{""step"": 1, ""stage"": 1, ""est_request_tokens"": 1637, ""pressure_before_management"": false, ""pressure"": false, ""recovery"": false, ""reported_input_tokens"": 2311, ""action"": ""execute""}, {""step"": 2, ""stage"": 1, ""est_request_tokens"": 3460, ""pressure_before_management"": false, ""pressure"": false, ""recovery"": false, ""reported_input_tokens"": 4286, ""action"": ""execute""}, {""step"": 3, ""stage"": 1, ""est_request_tokens"": 4445, ""pressure_before_management"": false, ""pressure"": false, ""recovery"": false, ""reported_input_tokens"": 5046, ""action"": ""execute""}, {""step"": 4, ""stage"": 1, ""est_request_tokens"": 5007, ""pressure_before_management"": false, ""pressure"": false, ""recovery"": false, ""reported_input_tokens"": 5359, ""action"": ""execute""}, {""step"": 5, ""stage"": 1, ""est_request_tokens"": 4487, ""pressure_before_management"": true, ""pressure"": false, ""recovery"": false, ""reported_input_tokens"": 4471, ""action"": ""advance""}, {""step"": 6, ""stage"": 2, ""est_request_tokens"": 4777, ""pressure_before_management"": false, ""pressure"": false, ""recovery"": false, ""reported_input_tokens"": 4796, ""action"": ""execute""}, {""step"": 7, ""stage"": 2, ""est_request_tokens"": 5252, ""pressure_before_management"": true, ""pressure"": false, ""recovery"": false, ""reported_input_tokens"": 5282, ""action"": ""advance""}, {""step"": 8, ""stage"": 3, ""est_request_tokens"": 5591, ""pressure_before_management"": false, ""pressure"": false, ""recovery"": false, ""reported_input_tokens"": 5618, ""action"": ""execute""}, {""step"": 9, ""stage"": 3, ""est_request_tokens"": 5046, ""pressure_before_management"": true, ""pressure"": false, ""recovery"": false, ""reported_input_tokens"": 5146, ""action"": ""execute""}, {""step"": 10, ""stage"": 3, ""est_request_tokens"": 5441, ""pressure_before_management"": false, ""pressure"": false, ""recovery"": false, ""reported_input_tokens"": 5518, ""action"": ""final""}]"
